speaker,season,episode,LinesInEpisode
(Pam's mom) Heleen,6,16,1
3rd Athlead Employee,9,11,1
4th Athlead Employee,9,11,1
A.J.,5,15,8
AJ,5,26,8
AJ,7,11,15
Aaron Rodgers,9,22,4
Abby,2,18,19
Actor,2,2,2
Actor,2,9,1
Actress,2,9,1
Ad guy 1,4,5,12
Ad guy 2,4,5,6
Air Force recruiter,4,13,2
Alan,3,2,8
Alan,6,10,12
Albiny,2,2,2
Alex,5,6,10
Alice,9,16,19
All,2,10,1
All,3,22,1
All,4,3,5
All,4,6,1
All,4,9,1
All,5,4,1
All,5,15,1
All,6,14,1
All,6,21,1
All,7,1,2
All,7,3,2
All,7,5,4
All,7,6,1
All,7,7,1
All,7,11,1
All,7,20,4
All,7,23,2
All,7,24,1
All,8,1,1
All,8,2,1
All,8,11,2
All,8,12,2
All,8,13,1
All,8,14,1
All,8,19,2
All,8,20,3
All,8,21,1
All,8,23,1
All,9,5,1
All,9,6,1
All,9,12,4
All,9,23,10
All Girls,4,11,1
All but Oscar,7,23,1
All the Men,2,15,1
Alonzo,8,19,1
Alyssa,2,6,1
Amanda,8,8,1
Amy,4,2,3
Andy,3,1,8
Andy,3,3,10
Andy,3,4,4
Andy,3,5,8
Andy,3,6,18
Andy,3,7,5
Andy,3,8,55
Andy,3,9,17
Andy,3,10,28
Andy,3,11,10
Andy,3,12,29
Andy,3,13,40
Andy,3,18,2
Andy,3,19,34
Andy,3,20,56
Andy,3,21,16
Andy,3,22,21
Andy,3,23,30
Andy,4,1,10
Andy,4,2,14
Andy,4,3,47
Andy,4,4,25
Andy,4,5,21
Andy,4,6,12
Andy,4,7,7
Andy,4,8,6
Andy,4,9,14
Andy,4,10,14
Andy,4,11,4
Andy,4,12,23
Andy,4,13,14
Andy,4,14,12
Andy,5,1,31
Andy,5,2,12
Andy,5,3,13
Andy,5,4,7
Andy,5,5,44
Andy,5,6,29
Andy,5,7,69
Andy,5,8,6
Andy,5,9,18
Andy,5,10,8
Andy,5,11,65
Andy,5,12,5
Andy,5,13,23
Andy,5,14,27
Andy,5,17,12
Andy,5,18,6
Andy,5,19,14
Andy,5,20,16
Andy,5,21,18
Andy,5,22,31
Andy,5,23,3
Andy,5,24,12
Andy,5,25,16
Andy,5,26,12
Andy,6,1,38
Andy,6,2,7
Andy,6,3,3
Andy,6,4,33
Andy,6,5,57
Andy,6,6,9
Andy,6,7,37
Andy,6,8,28
Andy,6,9,24
Andy,6,10,14
Andy,6,11,22
Andy,6,12,16
Andy,6,13,1
Andy,6,14,10
Andy,6,15,24
Andy,6,16,25
Andy,6,17,24
Andy,6,18,15
Andy,6,19,35
Andy,6,20,25
Andy,6,21,3
Andy,6,22,30
Andy,6,23,41
Andy,6,24,17
Andy,7,1,16
Andy,7,2,13
Andy,7,3,49
Andy,7,4,40
Andy,7,5,38
Andy,7,6,16
Andy,7,7,25
Andy,7,8,27
Andy,7,9,10
Andy,7,10,23
Andy,7,11,28
Andy,7,12,21
Andy,7,13,51
Andy,7,14,14
Andy,7,15,37
Andy,7,16,2
Andy,7,17,29
Andy,7,18,17
Andy,7,19,12
Andy,7,20,4
Andy,7,21,24
Andy,7,22,9
Andy,7,23,26
Andy,7,24,26
Andy,8,1,52
Andy,8,2,86
Andy,8,3,63
Andy,8,4,66
Andy,8,5,34
Andy,8,6,54
Andy,8,7,43
Andy,8,8,58
Andy,8,9,59
Andy,8,10,88
Andy,8,11,44
Andy,8,12,44
Andy,8,13,47
Andy,8,14,45
Andy,8,15,22
Andy,8,16,20
Andy,8,17,28
Andy,8,18,20
Andy,8,19,33
Andy,8,20,48
Andy,8,21,53
Andy,8,22,41
Andy,8,23,28
Andy,8,24,49
Andy,9,1,33
Andy,9,2,33
Andy,9,3,44
Andy,9,4,40
Andy,9,5,50
Andy,9,6,54
Andy,9,7,9
Andy,9,15,62
Andy,9,16,83
Andy,9,17,5
Andy,9,18,11
Andy,9,19,31
Andy,9,20,39
Andy,9,21,68
Andy,9,22,44
Andy,9,23,31
Andy & Erin,6,14,2
Andy & Erin,8,21,1
Andy & Michael,3,8,2
Andy & Michael,6,1,1
Andy & Walter,8,4,3
Andy and Darryl,8,7,3
Andy and Dwight,6,5,1
Andy and Dwight,6,17,4
Andy and Erin,7,15,1
Andy and Jim,3,6,4
Andy and Michael,3,10,1
"Andy, Creed, Kevin, Kelly",4,5,5
"Andy, Creed, Kevin, Kelly, Darryl",4,5,1
"Andy, Darryl & Officer Foley",8,13,1
Andy/Oscar,8,9,1
Andy/Pam,8,6,1
Andy/Stanley,8,6,1
Angel,7,2,1
Angela,1,1,5
Angela,1,2,4
Angela,1,3,5
Angela,1,4,9
Angela,1,5,6
Angela,1,6,3
Angela,2,1,4
Angela,2,2,4
Angela,2,3,8
Angela,2,4,18
Angela,2,5,14
Angela,2,6,6
Angela,2,7,1
Angela,2,8,5
Angela,2,9,14
Angela,2,10,10
Angela,2,11,2
Angela,2,12,6
Angela,2,13,5
Angela,2,14,4
Angela,2,15,5
Angela,2,16,4
Angela,2,17,4
Angela,2,18,10
Angela,2,19,13
Angela,2,20,8
Angela,2,21,12
Angela,2,22,5
Angela,3,1,4
Angela,3,2,10
Angela,3,3,13
Angela,3,4,7
Angela,3,5,4
Angela,3,6,10
Angela,3,7,7
Angela,3,8,7
Angela,3,9,10
Angela,3,10,51
Angela,3,11,7
Angela,3,12,17
Angela,3,13,14
Angela,3,14,5
Angela,3,15,3
Angela,3,16,5
Angela,3,17,3
Angela,3,18,11
Angela,3,19,5
Angela,3,20,25
Angela,3,21,11
Angela,3,22,8
Angela,3,23,6
Angela,4,1,50
Angela,4,2,23
Angela,4,3,52
Angela,4,4,10
Angela,4,5,2
Angela,4,6,1
Angela,4,7,7
Angela,4,8,1
Angela,4,9,14
Angela,4,10,4
Angela,4,11,5
Angela,4,12,3
Angela,4,13,4
Angela,4,14,17
Angela,5,1,26
Angela,5,2,2
Angela,5,3,16
Angela,5,4,8
Angela,5,5,8
Angela,5,6,6
Angela,5,7,10
Angela,5,8,2
Angela,5,9,23
Angela,5,10,12
Angela,5,11,22
Angela,5,12,3
Angela,5,13,16
Angela,5,15,19
Angela,5,16,4
Angela,5,18,8
Angela,5,19,6
Angela,5,20,3
Angela,5,23,2
Angela,5,24,5
Angela,5,25,17
Angela,5,26,3
Angela,6,1,5
Angela,6,2,3
Angela,6,3,5
Angela,6,4,12
Angela,6,6,5
Angela,6,7,10
Angela,6,8,2
Angela,6,9,6
Angela,6,11,3
Angela,6,12,6
Angela,6,13,2
Angela,6,14,2
Angela,6,15,1
Angela,6,16,19
Angela,6,17,3
Angela,6,18,6
Angela,6,19,17
Angela,6,20,5
Angela,6,21,3
Angela,6,23,17
Angela,6,24,4
Angela,7,1,3
Angela,7,2,4
Angela,7,3,16
Angela,7,4,2
Angela,7,5,2
Angela,7,6,5
Angela,7,7,8
Angela,7,8,9
Angela,7,9,20
Angela,7,10,3
Angela,7,11,26
Angela,7,12,7
Angela,7,14,1
Angela,7,15,9
Angela,7,17,1
Angela,7,18,1
Angela,7,19,4
Angela,7,20,2
Angela,7,21,12
Angela,7,22,4
Angela,7,23,11
Angela,7,24,11
Angela,8,1,7
Angela,8,2,14
Angela,8,3,3
Angela,8,4,13
Angela,8,5,5
Angela,8,6,7
Angela,8,8,1
Angela,8,9,2
Angela,8,10,2
Angela,8,11,2
Angela,8,12,5
Angela,8,13,31
Angela,8,14,8
Angela,8,16,11
Angela,8,17,9
Angela,8,18,3
Angela,8,19,1
Angela,8,20,8
Angela,8,21,7
Angela,8,22,4
Angela,8,23,3
Angela,8,24,20
Angela,9,1,16
Angela,9,2,7
Angela,9,3,2
Angela,9,4,5
Angela,9,5,6
Angela,9,6,12
Angela,9,7,21
Angela,9,8,52
Angela,9,9,11
Angela,9,10,16
Angela,9,11,13
Angela,9,12,6
Angela,9,13,1
Angela,9,14,15
Angela,9,15,4
Angela,9,16,42
Angela,9,17,8
Angela,9,18,32
Angela,9,19,4
Angela,9,20,16
Angela,9,21,30
Angela,9,22,39
Angela,9,23,23
Angela & Oscar,9,18,1
Angela & Oscar,9,22,2
Angela and Dwight,4,13,1
Angela and Kelly,5,19,1
Angela/Pam,8,16,1
Angels,4,3,1
Anglea,2,21,1
Announcer,3,5,1
Announcer,8,11,4
Another guy,7,7,1
Archivist,8,8,2
Artist,3,16,1
Astrid,7,4,3
Athlead Coworker,9,16,1
Athlead Employee,9,11,9
Athlead Employee,9,14,1
Attendant,7,14,6
Audience,7,20,2
Audience,8,8,1
Audience,9,12,1
Aunt Shirley,9,17,3
Automated phone voice,5,22,1
Ballerinas,9,12,2
Bar Manager,6,19,22
Barbara,3,20,14
Barbara Allen,3,20,4
Bartender,3,17,1
Bartender,4,3,1
Bartender,4,5,4
Bartender,4,11,2
Bartender,9,22,4
Bass Player,7,11,2
Ben,4,6,4
Ben Franklin,3,14,24
Bert,8,5,23
Beth,5,7,4
Bill,2,3,2
Bill,2,9,6
Bill Cress,4,10,1
Bill Hader,9,23,4
Billy,2,22,4
Billy Merchant,2,12,17
Billy's Girlfriend,2,22,2
Blogger,8,17,4
Blogger 2,8,17,1
Blonde,5,16,6
Blood Drive Worker,5,16,8
Blood Girl,5,16,17
Boat Guy,9,6,12
Bob,2,22,2
Bob,3,5,2
Bob,3,21,1
Bob,5,4,10
Bob,5,16,9
Bob,6,12,1
Bob,8,14,4
Bob Vance,2,10,4
Bob Vance,2,22,1
Bob Vance,3,14,1
Bob Vance,3,15,7
Bob Vance,4,1,1
Bob Vance,4,10,1
Bob Vance,4,14,1
Bob Vance,5,25,2
Bob Vance,6,12,1
"Bob Vance, Vance Refrigeration",9,20,1
Bob's Secretary,8,9,2
Bookstore employee,7,12,2
Boom Box,7,15,1
Both,3,10,2
Both,4,5,1
Both,5,26,1
Both,6,13,4
Both,6,14,1
Both,7,1,2
Both,8,12,1
Both,9,10,1
Bouncer,6,19,1
Brad,4,13,18
Brandon,8,16,12
Brandon,8,24,6
Brenda,2,11,7
Brian,9,12,5
Brian,9,13,7
Brian,9,14,8
Brian,9,15,10
Brian,9,18,23
Broccoli Rob,9,5,11
Bruce,8,3,1
Bus driver,7,7,3
Business Student #1,3,16,4
Business Student #2,3,16,3
Business Student #3,3,16,2
Business partner,9,7,10
Businessman #1,9,5,2
Businessman #2,9,5,3
Businessman #3,9,5,3
Buyer,3,12,2
Buyer,9,23,2
CPR Trainer,5,13,3
CPR trainer,5,13,1
Calvin,8,24,3
Camera Crew,9,22,1
CameraMan,9,23,2
Cameraman,9,12,1
Cameron,9,17,9
Captain Jack,2,11,35
Carla,7,7,2
Carla,9,19,8
Carla Fern,9,20,5
Carol,2,3,18
Carol,2,19,4
Carol,2,22,30
Carol,3,6,19
Carol,3,10,18
Carol,9,23,1
Carol Stills,9,23,1
Carrol,7,4,1
Carroll,7,4,14
Casey,9,22,22
Casey Dean,9,23,1
Cathy,8,7,10
Cathy,8,11,1
Cathy,8,12,3
Cathy,8,15,4
Cathy,8,16,27
Cathy,8,17,4
Cathy,8,18,1
Cece,7,8,1
Cece,8,13,7
Cece,9,12,4
Cell Phone Sales Person,7,14,2
Chad Lite,3,20,9
Chares,5,20,1
Charles,5,18,66
Charles,5,19,25
Charles,5,20,40
Charles,5,21,25
Charles,5,22,14
Charles,5,23,39
Charles,5,26,12
Check-in guy,9,22,7
Chef,3,10,2
Chelsea,8,8,1
Chet,2,18,2
Child,3,17,2
Children,2,5,1
Chili's Employee,2,1,1
Christian,2,7,19
Christian Slater,6,14,1
Church congregation,7,7,1
Cindy,3,10,2
Clark,6,16,13
Clark,9,1,22
Clark,9,2,22
Clark,9,3,4
Clark,9,4,12
Clark,9,5,5
Clark,9,7,4
Clark,9,11,35
Clark,9,12,1
Clark,9,13,33
Clark,9,14,4
Clark,9,15,9
Clark,9,16,9
Clark,9,17,5
Clark,9,18,23
Clark,9,19,37
Clark,9,20,6
Clark,9,21,8
Clark,9,22,5
Clark,9,23,3
Clay Aiken,9,22,2
Cleaning lady,4,11,1
Client,5,7,2
Client,7,21,1
Client,8,7,3
Co-Worker 1,4,4,1
Co-Worker 2,4,4,3
Co-Worker 3,4,4,3
Co-worker,9,12,3
Co-worker #2,9,12,1
Co-workers,4,14,2
Coffee shop worker,4,10,1
Colin,9,7,4
College Student,3,16,1
Computron,6,13,10
Concierge,5,7,3
Concierge Marie,5,7,2
Cookie Monster,6,20,3
Council,4,8,1
Cousin Mose,3,5,1
Craig,2,16,12
Credit card rep,6,5,1
Creed,2,5,27
Creed,2,8,1
Creed,2,10,9
Creed,2,11,6
Creed,2,12,1
Creed,2,13,3
Creed,2,14,9
Creed,2,16,3
Creed,2,17,4
Creed,2,18,5
Creed,2,20,2
Creed,2,21,3
Creed,2,22,4
Creed,3,1,1
Creed,3,2,2
Creed,3,3,3
Creed,3,4,6
Creed,3,6,1
Creed,3,8,2
Creed,3,9,2
Creed,3,10,4
Creed,3,11,4
Creed,3,13,3
Creed,3,16,8
Creed,3,17,2
Creed,3,18,3
Creed,3,19,4
Creed,3,20,15
Creed,3,21,6
Creed,3,22,2
Creed,3,23,3
Creed,4,1,9
Creed,4,2,15
Creed,4,3,1
Creed,4,4,7
Creed,4,5,2
Creed,4,7,12
Creed,4,8,3
Creed,4,10,3
Creed,4,11,2
Creed,4,12,1
Creed,4,13,4
Creed,4,14,8
Creed,5,1,5
Creed,5,2,2
Creed,5,3,2
Creed,5,4,2
Creed,5,5,2
Creed,5,7,1
Creed,5,8,2
Creed,5,9,1
Creed,5,10,1
Creed,5,11,2
Creed,5,12,1
Creed,5,13,4
Creed,5,14,5
Creed,5,15,2
Creed,5,17,2
Creed,5,18,2
Creed,5,19,1
Creed,5,20,1
Creed,5,21,2
Creed,5,24,9
Creed,5,25,3
Creed,6,1,6
Creed,6,2,4
Creed,6,3,3
Creed,6,5,1
Creed,6,6,1
Creed,6,7,3
Creed,6,8,2
Creed,6,9,2
Creed,6,10,1
Creed,6,11,1
Creed,6,12,2
Creed,6,14,1
Creed,6,16,1
Creed,6,19,1
Creed,6,21,1
Creed,6,22,2
Creed,6,23,4
Creed,6,24,2
Creed,7,1,4
Creed,7,2,1
Creed,7,3,2
Creed,7,4,2
Creed,7,5,2
Creed,7,6,3
Creed,7,8,4
Creed,7,9,3
Creed,7,10,2
Creed,7,11,4
Creed,7,12,13
Creed,7,13,2
Creed,7,15,1
Creed,7,16,1
Creed,7,20,1
Creed,7,21,2
Creed,7,23,2
Creed,7,24,17
Creed,8,1,1
Creed,8,3,1
Creed,8,5,4
Creed,8,7,2
Creed,8,9,2
Creed,8,10,2
Creed,8,11,1
Creed,8,13,5
Creed,8,14,1
Creed,8,15,2
Creed,8,17,1
Creed,8,18,2
Creed,8,19,1
Creed,8,20,3
Creed,8,21,2
Creed,8,22,1
Creed,8,23,1
Creed,8,24,1
Creed,9,1,1
Creed,9,2,4
Creed,9,4,3
Creed,9,5,3
Creed,9,6,1
Creed,9,7,1
Creed,9,8,3
Creed,9,9,2
Creed,9,10,4
Creed,9,11,3
Creed,9,12,2
Creed,9,14,1
Creed,9,16,4
Creed,9,17,3
Creed,9,19,2
Creed,9,20,1
Creed,9,21,2
Creed,9,22,4
Creed,9,23,8
Crowd,2,3,1
Crowd,2,17,8
Crowd,3,6,2
Crowd,3,15,3
Crowd,8,17,2
Crowd,9,19,2
Crowd,9,23,1
Curtis,8,7,3
Customer,5,6,5
Customer,6,7,4
Customer,7,12,2
D,6,17,1
DJ,7,12,3
Dacvid Walalce,5,7,1
Dacvid Wallace,5,7,1
Dakota,9,23,3
Dale,6,16,1
Dan,2,16,1
Dan Gore,3,17,1
Dana,2,13,9
Dance Teacher,9,12,1
Danny,7,5,40
Danny,7,6,28
Darrly,7,11,1
Darrly,7,14,1
Darry,3,19,1
Darryl,1,5,17
Darryl,2,1,1
Darryl,2,2,9
Darryl,2,10,12
Darryl,2,11,5
Darryl,2,14,5
Darryl,2,15,28
Darryl,2,18,5
Darryl,2,22,11
Darryl,3,7,4
Darryl,3,10,3
Darryl,3,11,6
Darryl,3,18,43
Darryl,3,19,32
Darryl,4,1,5
Darryl,4,3,9
Darryl,4,4,10
Darryl,4,5,10
Darryl,4,8,3
Darryl,4,12,13
Darryl,4,13,6
Darryl,4,14,3
Darryl,5,1,13
Darryl,5,3,9
Darryl,5,4,8
Darryl,5,5,55
Darryl,5,6,1
Darryl,5,10,6
Darryl,5,13,6
Darryl,5,17,3
Darryl,5,24,1
Darryl,6,2,15
Darryl,6,7,7
Darryl,6,18,9
Darryl,6,19,10
Darryl,6,20,3
Darryl,6,21,4
Darryl,6,22,26
Darryl,6,23,4
Darryl,6,24,6
Darryl,7,1,5
Darryl,7,2,4
Darryl,7,3,11
Darryl,7,4,8
Darryl,7,5,23
Darryl,7,6,26
Darryl,7,7,2
Darryl,7,10,13
Darryl,7,11,23
Darryl,7,12,21
Darryl,7,13,3
Darryl,7,14,8
Darryl,7,15,16
Darryl,7,18,10
Darryl,7,19,8
Darryl,7,20,3
Darryl,7,21,3
Darryl,7,22,8
Darryl,7,23,5
Darryl,7,24,27
Darryl,8,1,5
Darryl,8,2,7
Darryl,8,3,49
Darryl,8,4,10
Darryl,8,5,9
Darryl,8,6,16
Darryl,8,7,23
Darryl,8,8,13
Darryl,8,9,24
Darryl,8,10,10
Darryl,8,11,10
Darryl,8,12,10
Darryl,8,13,13
Darryl,8,14,23
Darryl,8,15,4
Darryl,8,16,14
Darryl,8,17,4
Darryl,8,18,26
Darryl,8,19,7
Darryl,8,20,1
Darryl,8,21,5
Darryl,8,22,14
Darryl,8,24,15
Darryl,9,1,3
Darryl,9,2,11
Darryl,9,3,31
Darryl,9,4,11
Darryl,9,5,6
Darryl,9,6,4
Darryl,9,7,3
Darryl,9,8,6
Darryl,9,9,17
Darryl,9,10,15
Darryl,9,11,19
Darryl,9,12,24
Darryl,9,13,2
Darryl,9,14,35
Darryl,9,15,3
Darryl,9,16,5
Darryl,9,17,1
Darryl,9,18,12
Darryl,9,20,10
Darryl,9,21,11
Darryl,9,22,30
Darryl,9,23,19
Darryl & Oscar,8,1,1
Darryl and Andy,7,5,1
Darryl and Angela,7,23,1
Darryl and Katy,2,11,1
Darryl and Kevin,8,7,1
Darryl's sister,7,19,2
Daryl,6,12,3
Daryl,6,17,13
Daryl,7,8,6
Daryl,7,9,10
Daryl,7,16,1
Daryl,7,17,4
David,2,16,12
David,3,17,8
David,3,22,9
David,3,23,47
David,4,8,3
David,5,8,11
David,5,9,6
David,5,11,8
David,5,12,9
David,5,13,1
David,5,17,25
David,5,18,18
David,5,23,36
David,5,26,13
David,6,2,34
David,6,9,4
David,6,10,14
David,6,11,8
David,6,12,19
David,6,14,34
David,7,13,12
David,8,22,5
David,8,23,4
David,8,24,17
David,9,1,1
David,9,7,6
David,9,8,3
David,9,16,15
David Brent,7,13,1
David Brent,7,24,1
David Wallace,4,5,3
David Wallace,4,8,1
David Wallace,5,4,5
David Wallace,5,7,14
David Wallace,5,13,9
David Wallace,5,23,1
David Wallace,6,2,1
David Wallace,6,3,6
David Wallace,6,11,1
David Wallace,6,24,1
David Wallace,9,6,7
David Wallace,9,13,9
David Wallace,9,15,10
David Wallace,9,16,1
David Wallace,9,21,37
David Wallace,9,23,2
David Wallace's Secretary,6,9,2
David Wallcve,5,7,1
DeAgnelo,7,21,1
DeAngelo,7,20,54
DeAngelo,7,21,25
Dealer,2,22,5
Deangelo,7,19,81
Deangelo,7,22,90
Deangelo/Michael,7,19,2
Delivery Boy,2,19,2
Delivery Woman,2,19,3
Delivery man,2,16,5
Deliveryman,6,11,1
Denagelo,7,19,1
Denise,3,20,9
Dennis,9,11,3
Deposition Reporter,4,8,3
Devon,2,5,8
Devon,2,16,1
Diane,4,8,10
Diane Kelly,4,8,18
Dight,5,2,1
Director,9,20,13
Doctor,2,12,5
Doctor,6,16,3
Doctor,9,1,1
Documentary Crew Member,1,1,3
Donna,6,21,38
Donna,6,22,36
Donna,7,4,7
Donna Muraski,8,15,2
Doug,7,7,5
Doug [church member],7,7,1
Drive Thru Customer,9,12,1
Drummer,8,7,1
DunMiff/sys,4,3,6
Dwight,1,1,35
Dwight,1,2,40
Dwight,1,3,88
Dwight,1,4,74
Dwight,1,5,45
Dwight,1,6,44
Dwight,2,1,74
Dwight,2,2,12
Dwight,2,3,87
Dwight,2,4,80
Dwight,2,5,36
Dwight,2,6,77
Dwight,2,7,24
Dwight,2,8,67
Dwight,2,9,45
Dwight,2,10,51
Dwight,2,11,28
Dwight,2,12,68
Dwight,2,13,54
Dwight,2,14,47
Dwight,2,15,16
Dwight,2,16,29
Dwight,2,17,64
Dwight,2,18,27
Dwight,2,19,46
Dwight,2,20,92
Dwight,2,21,50
Dwight,2,22,40
Dwight,3,1,18
Dwight,3,2,44
Dwight,3,3,77
Dwight,3,4,40
Dwight,3,5,57
Dwight,3,6,8
Dwight,3,7,38
Dwight,3,8,84
Dwight,3,9,4
Dwight,3,10,62
Dwight,3,11,39
Dwight,3,12,33
Dwight,3,13,25
Dwight,3,14,29
Dwight,3,15,25
Dwight,3,16,25
Dwight,3,17,35
Dwight,3,18,18
Dwight,3,19,70
Dwight,3,20,42
Dwight,3,21,46
Dwight,3,22,50
Dwight,3,23,70
Dwight,4,1,57
Dwight,4,2,74
Dwight,4,3,88
Dwight,4,4,53
Dwight,4,5,11
Dwight,4,6,44
Dwight,4,7,36
Dwight,4,8,5
Dwight,4,9,18
Dwight,4,10,22
Dwight,4,11,48
Dwight,4,12,32
Dwight,4,13,10
Dwight,4,14,49
Dwight,5,1,61
Dwight,5,2,14
Dwight,5,3,39
Dwight,5,4,33
Dwight,5,5,38
Dwight,5,6,99
Dwight,5,7,16
Dwight,5,8,38
Dwight,5,9,29
Dwight,5,10,27
Dwight,5,11,66
Dwight,5,12,73
Dwight,5,13,73
Dwight,5,14,25
Dwight,5,15,33
Dwight,5,16,31
Dwight,5,17,71
Dwight,5,18,21
Dwight,5,19,12
Dwight,5,20,17
Dwight,5,21,28
Dwight,5,22,83
Dwight,5,23,25
Dwight,5,24,49
Dwight,5,25,32
Dwight,5,26,41
Dwight,6,1,20
Dwight,6,2,32
Dwight,6,3,29
Dwight,6,4,84
Dwight,6,5,50
Dwight,6,6,30
Dwight,6,7,14
Dwight,6,8,50
Dwight,6,9,30
Dwight,6,10,26
Dwight,6,11,36
Dwight,6,12,37
Dwight,6,13,17
Dwight,6,14,9
Dwight,6,15,39
Dwight,6,16,47
Dwight,6,17,29
Dwight,6,18,43
Dwight,6,19,34
Dwight,6,20,17
Dwight,6,21,45
Dwight,6,22,38
Dwight,6,23,36
Dwight,6,24,19
Dwight,7,1,21
Dwight,7,2,48
Dwight,7,3,17
Dwight,7,4,41
Dwight,7,5,56
Dwight,7,6,14
Dwight,7,7,16
Dwight,7,8,26
Dwight,7,9,24
Dwight,7,10,48
Dwight,7,11,38
Dwight,7,12,34
Dwight,7,13,19
Dwight,7,14,26
Dwight,7,15,24
Dwight,7,16,3
Dwight,7,17,41
Dwight,7,18,31
Dwight,7,19,10
Dwight,7,20,13
Dwight,7,21,16
Dwight,7,22,20
Dwight,7,23,73
Dwight,7,24,44
Dwight,8,1,38
Dwight,8,2,21
Dwight,8,3,37
Dwight,8,4,29
Dwight,8,5,21
Dwight,8,6,51
Dwight,8,7,55
Dwight,8,8,30
Dwight,8,9,52
Dwight,8,10,28
Dwight,8,11,34
Dwight,8,12,47
Dwight,8,13,58
Dwight,8,14,67
Dwight,8,15,63
Dwight,8,16,60
Dwight,8,17,53
Dwight,8,18,45
Dwight,8,19,21
Dwight,8,20,22
Dwight,8,21,16
Dwight,8,22,15
Dwight,8,23,56
Dwight,8,24,27
Dwight,9,1,42
Dwight,9,2,31
Dwight,9,3,24
Dwight,9,4,40
Dwight,9,5,39
Dwight,9,6,34
Dwight,9,7,53
Dwight,9,8,57
Dwight,9,9,59
Dwight,9,10,18
Dwight,9,11,41
Dwight,9,12,44
Dwight,9,13,87
Dwight,9,14,37
Dwight,9,15,32
Dwight,9,16,44
Dwight,9,17,51
Dwight,9,18,37
Dwight,9,19,61
Dwight,9,20,21
Dwight,9,21,54
Dwight,9,22,87
Dwight,9,23,76
Dwight ,3,7,1
Dwight ,5,6,1
Dwight & Andy,6,1,2
Dwight & Nate,7,10,1
Dwight [on phone],7,23,1
Dwight and Andy,5,21,1
Dwight and Andy,6,5,1
Dwight and Angela,6,23,1
Dwight and Erin,5,21,1
Dwight and Erin,7,14,1
Dwight and Michael,2,4,3
Dwight and Michael,3,2,1
Dwight and Michael,4,6,1
Dwight and Michael,5,12,1
Dwight and Roy,2,15,1
"Dwight, Erin, Jim & Kevin",8,3,1
"Dwight, Jim & Pam",6,1,1
"Dwight, Jim and Michael",6,16,1
Dwight.,6,20,1
Dwight:,3,7,1
DwightKSchrute,4,3,3
Ed,2,14,9
Ed,9,23,2
Edward R. Meow,2,18,7
Einsteins,8,11,1
Elderly Woman,8,18,1
Elizabeth,3,14,17
Elizabeth,4,1,3
Ellen,8,4,3
Emergency Operator,8,15,1
Employee,2,1,1
Employees,5,18,1
Employees except Dwight,7,4,1
Entire Prince family,5,12,1
Entire office,5,12,1
Eric,5,16,1
Eric,6,1,8
Eric,6,13,26
Erin,5,21,16
Erin,5,23,1
Erin,5,24,10
Erin,5,25,23
Erin,5,26,3
Erin,6,1,7
Erin,6,2,3
Erin,6,3,3
Erin,6,4,10
Erin,6,5,7
Erin,6,6,12
Erin,6,7,17
Erin,6,8,3
Erin,6,9,15
Erin,6,10,3
Erin,6,11,21
Erin,6,12,11
Erin,6,14,6
Erin,6,15,23
Erin,6,16,35
Erin,6,17,20
Erin,6,18,7
Erin,6,19,16
Erin,6,20,52
Erin,6,21,9
Erin,6,22,3
Erin,6,23,11
Erin,6,24,4
Erin,7,1,7
Erin,7,2,4
Erin,7,3,19
Erin,7,4,4
Erin,7,5,2
Erin,7,6,7
Erin,7,7,9
Erin,7,8,42
Erin,7,9,7
Erin,7,10,10
Erin,7,11,18
Erin,7,12,21
Erin,7,13,25
Erin,7,14,14
Erin,7,15,38
Erin,7,16,1
Erin,7,17,10
Erin,7,19,10
Erin,7,20,12
Erin,7,21,12
Erin,7,22,3
Erin,7,23,13
Erin,7,24,23
Erin,8,1,9
Erin,8,2,18
Erin,8,3,12
Erin,8,4,5
Erin,8,5,36
Erin,8,6,8
Erin,8,7,13
Erin,8,8,17
Erin,8,9,8
Erin,8,10,38
Erin,8,11,6
Erin,8,12,58
Erin,8,13,14
Erin,8,14,15
Erin,8,15,21
Erin,8,16,19
Erin,8,17,10
Erin,8,18,15
Erin,8,19,32
Erin,8,20,25
Erin,8,21,24
Erin,8,22,7
Erin,8,23,8
Erin,8,24,9
Erin,9,1,4
Erin,9,2,31
Erin,9,3,21
Erin,9,4,11
Erin,9,5,24
Erin,9,6,40
Erin,9,7,18
Erin,9,8,6
Erin,9,9,24
Erin,9,10,26
Erin,9,11,11
Erin,9,12,18
Erin,9,13,2
Erin,9,14,10
Erin,9,15,26
Erin,9,16,33
Erin,9,17,4
Erin,9,18,3
Erin,9,19,10
Erin,9,20,16
Erin,9,21,9
Erin,9,22,22
Erin,9,23,11
Erin and Irene,8,19,1
Erin and Kelly,7,20,1
Erin's Cell Phone,8,4,1
Ernesto,8,13,4
Esther,9,17,2
Esther,9,18,8
Esther,9,20,6
Esther,9,21,1
Esther,9,22,4
Evan,3,2,6
Everybody,1,4,6
Everybody,1,5,2
Everybody,2,1,1
Everybody,3,10,1
Everybody,3,11,2
Everybody,3,13,1
Everybody,4,7,1
Everyone,2,3,1
Everyone,2,7,1
Everyone,3,17,1
Everyone,3,19,2
Everyone,3,22,1
Everyone,3,23,1
Everyone,4,3,1
Everyone,4,5,3
Everyone,5,11,1
Everyone,5,13,3
Everyone,5,19,1
Everyone,6,1,3
Everyone,6,4,1
Everyone,6,11,1
Everyone,6,12,1
Everyone,6,14,1
Everyone,6,16,1
Everyone,6,19,1
Everyone,6,23,5
Everyone,7,15,1
Everyone,8,1,2
Everyone,8,8,4
Everyone,8,15,3
Everyone,8,16,2
Everyone,8,17,1
Everyone,8,18,1
Everyone,9,7,2
Everyone,9,8,9
Everyone,9,11,1
Everyone,9,19,2
Everyone,9,22,1
Everyone watching,5,11,1
Ex-client,4,2,17
Fake Jim,9,3,6
Fake Stanley,6,13,1
Fannie,9,17,19
Fast Food Worker,9,12,1
Female Applicant,8,3,2
Female Athlead Employee,9,11,2
Female Intern,6,1,2
Female Shareholder,6,10,1
Female church member,7,7,1
Female church member [to Michael],7,7,1
Female intern,6,1,1
Female worker,2,21,1
Financial Guy,5,23,11
Finger Lakes Guy,7,24,1
Fourth Shareholder,6,10,1
Frank,9,14,8
Fred,7,24,9
Fred Henry,7,24,1
Friend,5,1,5
Front Desk Clerk,6,4,10
GPS,4,2,4
Gabe,6,14,18
Gabe,6,15,5
Gabe,6,17,3
Gabe,6,18,7
Gabe,6,20,23
Gabe,6,21,15
Gabe,6,22,4
Gabe,6,23,6
Gabe,6,24,5
Gabe,7,1,11
Gabe,7,2,17
Gabe,7,4,3
Gabe,7,6,14
Gabe,7,7,2
Gabe,7,8,18
Gabe,7,9,8
Gabe,7,10,1
Gabe,7,11,6
Gabe,7,12,2
Gabe,7,13,7
Gabe,7,14,25
Gabe,7,15,21
Gabe,7,17,1
Gabe,7,18,1
Gabe,7,19,4
Gabe,7,20,2
Gabe,7,21,10
Gabe,7,22,8
Gabe,7,23,20
Gabe,7,24,30
Gabe,8,1,3
Gabe,8,4,4
Gabe,8,5,9
Gabe,8,6,24
Gabe,8,7,2
Gabe,8,8,10
Gabe,8,9,4
Gabe,8,11,21
Gabe,8,12,9
Gabe,8,13,5
Gabe,8,16,6
Gabe,8,18,1
Gabe,8,20,2
Gabe,8,21,4
Gabe,8,23,13
Gabe,8,24,2
Gabe,9,16,20
Gabe/Kelly/Toby,8,5,1
Gabor,9,13,3
German Minister,9,17,3
Gideon,8,3,2
Gil,2,13,2
Gil,3,16,4
Girl,5,16,1
Girl,7,7,9
Girl,8,17,4
Girl acting Pregnant,2,9,1
Girl at table,6,19,2
Girl in 2nd club,4,11,5
Girl in Club,4,11,5
Girls,3,6,1
Glen,6,22,1
Glenn,8,19,4
Glenn,9,14,1
Glenn,9,22,1
Graphics guy,4,13,10
Grotti,6,5,30
Group,3,22,6
Group,5,6,1
Group,5,13,1
Group,6,12,2
Group,8,2,2
Group,8,11,1
Group,8,14,2
Group,9,4,19
Group,9,18,4
Group,9,20,2
Group chant,2,15,1
"Group: Dunder Mifflin!
Andy: Andy Bernard presents: Summer Softball Epic Fails! [Kevin swings bat on screen, fart noise follows] Fail. [repeats] Fail",9,4,1
Guy,2,15,4
Guy,3,2,2
Guy,3,12,1
Guy,3,19,1
Guy,5,7,1
Guy,5,10,3
Guy,7,7,8
Guy,7,9,1
Guy,7,13,2
Guy,7,14,1
Guy,9,12,3
Guy,9,23,2
Guy At Bar,2,1,2
Guy at bar,2,1,1
Guy at table,5,7,3
Guy buying doll,5,10,1
Guy in audience,5,4,2
Guys in breakroom,9,7,1
Gwenneth,6,2,2
Gym Instructor,6,22,1
Gym instructor,6,22,2
HCT,9,5,14
HCT Member #1,9,5,1
HCT Member #2,9,5,2
HCT Member #3,9,5,10
Hank,2,20,5
Hank,4,11,6
Hank,4,14,1
Hank,5,9,13
Hank,5,16,1
Hank,5,19,3
Hank,6,24,1
Hank,7,10,3
Hank,7,13,2
Hank,7,15,2
Hank,8,20,4
Hank,9,7,3
Hank,9,22,1
Hank [the security guard],5,4,1
Hank the Security Guard,2,5,3
Hank the Security Guard,2,21,2
Hannah,3,4,4
Hannah,3,8,12
Hannah,3,9,5
Hannah,3,10,2
Harry,8,23,25
Harvey,3,12,7
Hayworth's waiter,6,20,4
Helen,7,14,5
Helene,6,8,37
Helene,6,16,5
Helene,7,4,4
Helene,7,7,1
Helene,9,10,2
Henry,9,17,3
Hide,6,19,2
Hide,6,21,2
Hide,8,24,2
Hide,9,8,4
Hide,9,13,4
Holly,4,14,73
Holly,5,1,56
Holly,5,2,53
Holly,5,3,14
Holly,5,4,36
Holly,5,5,73
Holly,5,26,38
Holly,7,4,16
Holly,7,11,50
Holly,7,12,19
Holly,7,13,12
Holly,7,14,30
Holly,7,15,38
Holly,7,16,15
Holly,7,17,32
Holly,7,18,47
Holly,7,21,6
Holly & Darryl,5,5,1
Holly & Michael,5,5,1
Holly's Dad,7,18,5
Holly's Mom,7,18,4
Holy,4,14,1
Holy,7,17,1
Hooter's Girls,2,13,1
Hospital employee,6,16,8
Host,8,11,28
Hostess,2,7,1
Hostess,6,8,1
Hot Dog Guy,7,14,5
Hotel Employee,6,4,4
Hotel Employee,6,15,9
Hotel Manager,6,4,4
Hunter,3,18,1
Hunter,3,21,1
Hunter,3,23,6
Hunter's CD,4,9,1
I.D. Photographer,2,21,1
IT Tech Guy,4,1,3
Improv Teacher,2,9,26
Intern,4,1,5
Investor,9,12,1
Ira,2,6,9
Irene,8,18,6
Irene,8,19,16
Isaac,5,19,7
Isaac,9,16,3
Isabel,6,4,11
Isabel,6,19,18
Isabelle,6,16,9
JIM9334,5,1,2
JIM9334 [screen name],5,1,1
JIm,2,10,1
Jada,7,11,20
Jada,7,24,2
Jake,2,18,27
Jake,8,24,1
Jakey,9,23,4
Jamie,3,20,6
Jan,1,1,12
Jan,1,3,18
Jan,1,6,8
Jan,2,1,9
Jan,2,2,11
Jan,2,5,10
Jan,2,7,55
Jan,2,8,66
Jan,2,11,17
Jan,2,15,55
Jan,2,16,16
Jan,2,19,5
Jan,2,20,1
Jan,2,22,40
Jan,3,1,12
Jan,3,2,15
Jan,3,3,28
Jan,3,4,17
Jan,3,5,11
Jan,3,6,12
Jan,3,7,32
Jan,3,8,6
Jan,3,9,7
Jan,3,11,14
Jan,3,12,1
Jan,3,14,6
Jan,3,17,47
Jan,3,18,30
Jan,3,21,17
Jan,3,23,43
Jan,4,1,7
Jan,4,2,17
Jan,4,3,6
Jan,4,4,40
Jan,4,8,30
Jan,4,9,90
Jan,4,14,24
Jan,5,1,13
Jan,5,3,51
Jan,7,4,16
Jan,7,16,1
Jan,9,7,25
Jan,9,15,8
Jan [on phone],4,10,1
Jeb,9,17,12
Jerome Bettis,3,2,4
Jerry,6,14,14
Jessica,5,25,3
Jessica,8,10,22
Jessica,8,12,17
Jessica,8,20,14
Jessica Alba,5,13,2
Jim,1,1,37
Jim,1,2,35
Jim,1,3,57
Jim,1,4,63
Jim,1,5,27
Jim,1,6,66
Jim,2,1,42
Jim,2,2,22
Jim,2,3,72
Jim,2,4,67
Jim,2,5,31
Jim,2,6,54
Jim,2,7,52
Jim,2,8,48
Jim,2,9,60
Jim,2,10,27
Jim,2,11,32
Jim,2,12,61
Jim,2,13,53
Jim,2,14,36
Jim,2,15,24
Jim,2,16,25
Jim,2,17,36
Jim,2,18,24
Jim,2,19,23
Jim,2,20,26
Jim,2,21,37
Jim,2,22,53
Jim,3,1,13
Jim,3,2,32
Jim,3,3,17
Jim,3,4,19
Jim,3,5,47
Jim,3,6,20
Jim,3,7,21
Jim,3,8,81
Jim,3,9,31
Jim,3,10,45
Jim,3,11,33
Jim,3,12,39
Jim,3,13,25
Jim,3,14,25
Jim,3,15,19
Jim,3,16,20
Jim,3,17,22
Jim,3,18,41
Jim,3,19,31
Jim,3,20,74
Jim,3,21,33
Jim,3,22,30
Jim,3,23,65
Jim,4,1,53
Jim,4,2,48
Jim,4,3,70
Jim,4,4,52
Jim,4,5,47
Jim,4,6,78
Jim,4,7,69
Jim,4,8,27
Jim,4,9,42
Jim,4,10,26
Jim,4,11,43
Jim,4,12,31
Jim,4,13,21
Jim,4,14,77
Jim,5,1,68
Jim,5,2,29
Jim,5,3,28
Jim,5,4,36
Jim,5,5,25
Jim,5,6,111
Jim,5,7,22
Jim,5,8,31
Jim,5,9,31
Jim,5,10,26
Jim,5,11,34
Jim,5,12,13
Jim,5,13,35
Jim,5,14,34
Jim,5,15,33
Jim,5,16,35
Jim,5,17,39
Jim,5,18,30
Jim,5,19,26
Jim,5,20,35
Jim,5,21,28
Jim,5,22,27
Jim,5,23,29
Jim,5,24,29
Jim,5,25,17
Jim,5,26,24
Jim,6,1,42
Jim,6,2,19
Jim,6,3,91
Jim,6,4,56
Jim,6,5,14
Jim,6,6,60
Jim,6,7,49
Jim,6,8,26
Jim,6,9,47
Jim,6,10,37
Jim,6,11,38
Jim,6,12,39
Jim,6,14,26
Jim,6,15,33
Jim,6,16,134
Jim,6,17,40
Jim,6,18,51
Jim,6,19,33
Jim,6,20,8
Jim,6,21,37
Jim,6,22,14
Jim,6,23,21
Jim,6,24,13
Jim,7,1,22
Jim,7,2,34
Jim,7,3,19
Jim,7,4,4
Jim,7,5,59
Jim,7,6,27
Jim,7,7,38
Jim,7,8,18
Jim,7,9,24
Jim,7,10,27
Jim,7,11,50
Jim,7,12,8
Jim,7,13,24
Jim,7,14,32
Jim,7,15,23
Jim,7,16,6
Jim,7,17,38
Jim,7,18,24
Jim,7,19,10
Jim,7,20,24
Jim,7,21,18
Jim,7,22,40
Jim,7,23,28
Jim,7,24,90
Jim,8,1,38
Jim,8,2,42
Jim,8,3,52
Jim,8,4,23
Jim,8,5,29
Jim,8,6,44
Jim,8,7,40
Jim,8,8,25
Jim,8,9,29
Jim,8,10,44
Jim,8,11,19
Jim,8,12,22
Jim,8,13,73
Jim,8,14,30
Jim,8,15,32
Jim,8,16,55
Jim,8,17,28
Jim,8,18,45
Jim,8,19,38
Jim,8,20,39
Jim,8,21,19
Jim,8,22,24
Jim,8,23,48
Jim,8,24,31
Jim,9,1,21
Jim,9,2,39
Jim,9,3,19
Jim,9,4,60
Jim,9,5,35
Jim,9,6,9
Jim,9,7,22
Jim,9,8,29
Jim,9,9,58
Jim,9,10,28
Jim,9,11,18
Jim,9,12,37
Jim,9,13,45
Jim,9,14,30
Jim,9,15,26
Jim,9,16,28
Jim,9,17,6
Jim,9,18,31
Jim,9,19,15
Jim,9,20,17
Jim,9,21,63
Jim,9,22,89
Jim,9,23,73
Jim ,5,12,1
Jim ,5,23,1
Jim & Dwight,9,22,2
Jim & Pam,6,1,1
Jim & Pam,6,10,1
Jim and Dwight,2,18,1
Jim and Pam,2,12,1
Jim and Pam,5,6,1
Jim and Pam,7,4,1
Jim and Pam,7,15,1
Jim's Dad,7,7,1
Jim's voicemail,2,14,1
"Jim, Josh, and Dwight",3,2,1
"Jim, Pam, Michael and Dwight",5,16,2
Jo,6,14,8
Jo,6,15,33
Jo,6,17,53
Jo,6,24,43
Jo,7,1,7
Jo,7,9,4
Jo,7,20,4
Jo,7,23,14
Jo,7,24,28
Jo Bennett,6,14,1
Joan,9,23,5
Jordan,7,22,9
Jordan,7,23,2
Jordan,7,24,2
Josh,2,16,11
Josh,3,1,1
Josh,3,2,27
Josh,3,3,8
Josh,3,4,3
Josh,3,6,2
Josh,3,7,12
Julia,5,14,13
Julie,6,19,12
Julius,3,12,3
Julius,9,10,8
Julius Irving,9,10,1
Justin,4,13,14
Justine,7,11,2
Justine,8,2,3
Karen,3,1,1
Karen,3,3,8
Karen,3,4,15
Karen,3,5,13
Karen,3,6,15
Karen,3,7,9
Karen,3,8,30
Karen,3,9,10
Karen,3,10,35
Karen,3,11,9
Karen,3,12,16
Karen,3,13,4
Karen,3,14,15
Karen,3,15,4
Karen,3,16,6
Karen,3,17,14
Karen,3,18,16
Karen,3,19,5
Karen,3,20,4
Karen,3,21,15
Karen,3,22,9
Karen,3,23,40
Karen,4,6,25
Karen,5,14,20
Karen,5,15,2
Karen,7,16,1
Kathy,6,16,3
Kathy,8,9,1
Kathy,8,10,3
Kathy,8,12,1
Kathy,8,14,2
Katy,1,6,73
Katy,2,4,11
Katy,2,11,14
Keena Gifford,6,7,6
Kelly,1,2,2
Kelly,1,6,2
Kelly,2,1,9
Kelly,2,4,4
Kelly,2,5,3
Kelly,2,6,4
Kelly,2,7,1
Kelly,2,8,2
Kelly,2,9,2
Kelly,2,10,13
Kelly,2,11,7
Kelly,2,12,1
Kelly,2,13,5
Kelly,2,14,13
Kelly,2,15,9
Kelly,2,16,13
Kelly,2,17,5
Kelly,2,18,8
Kelly,2,19,4
Kelly,2,20,9
Kelly,2,21,2
Kelly,2,22,1
Kelly,3,1,1
Kelly,3,2,8
Kelly,3,3,8
Kelly,3,4,5
Kelly,3,5,6
Kelly,3,6,20
Kelly,3,7,2
Kelly,3,8,6
Kelly,3,10,19
Kelly,3,11,2
Kelly,3,12,2
Kelly,3,14,3
Kelly,3,15,6
Kelly,3,16,11
Kelly,3,17,4
Kelly,3,18,14
Kelly,3,19,11
Kelly,3,20,25
Kelly,3,21,7
Kelly,3,22,9
Kelly,3,23,7
Kelly,4,1,7
Kelly,4,2,24
Kelly,4,3,12
Kelly,4,4,13
Kelly,4,7,1
Kelly,4,8,15
Kelly,4,10,7
Kelly,4,11,5
Kelly,4,12,6
Kelly,4,13,1
Kelly,4,14,4
Kelly,5,1,17
Kelly,5,2,3
Kelly,5,3,2
Kelly,5,5,7
Kelly,5,6,23
Kelly,5,7,15
Kelly,5,8,10
Kelly,5,9,1
Kelly,5,10,1
Kelly,5,11,2
Kelly,5,12,2
Kelly,5,13,3
Kelly,5,14,8
Kelly,5,15,18
Kelly,5,16,9
Kelly,5,18,7
Kelly,5,19,6
Kelly,5,20,1
Kelly,5,21,5
Kelly,5,22,1
Kelly,5,23,2
Kelly,5,24,2
Kelly,5,25,11
Kelly,6,1,9
Kelly,6,2,3
Kelly,6,3,4
Kelly,6,4,3
Kelly,6,6,10
Kelly,6,7,2
Kelly,6,8,5
Kelly,6,9,1
Kelly,6,11,1
Kelly,6,12,3
Kelly,6,15,11
Kelly,6,16,3
Kelly,6,17,3
Kelly,6,18,8
Kelly,6,19,4
Kelly,6,20,5
Kelly,6,21,28
Kelly,6,22,7
Kelly,6,23,5
Kelly,6,24,5
Kelly,7,1,5
Kelly,7,2,6
Kelly,7,3,2
Kelly,7,4,5
Kelly,7,5,3
Kelly,7,6,5
Kelly,7,7,2
Kelly,7,8,13
Kelly,7,9,5
Kelly,7,10,8
Kelly,7,11,14
Kelly,7,12,10
Kelly,7,13,12
Kelly,7,14,9
Kelly,7,15,1
Kelly,7,16,1
Kelly,7,17,3
Kelly,7,18,3
Kelly,7,19,5
Kelly,7,21,3
Kelly,7,22,15
Kelly,7,23,6
Kelly,7,24,17
Kelly,8,1,6
Kelly,8,2,5
Kelly,8,3,6
Kelly,8,4,3
Kelly,8,5,12
Kelly,8,6,5
Kelly,8,7,6
Kelly,8,8,5
Kelly,8,9,1
Kelly,8,10,10
Kelly,8,11,7
Kelly,8,12,6
Kelly,8,13,2
Kelly,8,14,8
Kelly,8,15,3
Kelly,8,16,8
Kelly,8,17,9
Kelly,8,18,3
Kelly,8,19,1
Kelly,8,21,13
Kelly,8,24,4
Kelly,9,1,2
Kelly,9,23,12
Kelly and Erin,6,12,1
Kelly and Erin,7,20,1
Kelly's Father,3,6,3
Kelly's Mom,3,6,5
Kendall,5,2,6
Kendall,5,26,2
Kenny,3,12,1
Kenny,3,16,3
Kenny,3,17,7
Kenny,8,20,5
Kenny,9,2,1
Kevin,1,1,2
Kevin,1,2,8
Kevin,1,3,6
Kevin,1,4,3
Kevin,1,5,4
Kevin,1,6,7
Kevin,2,1,4
Kevin,2,2,9
Kevin,2,3,13
Kevin,2,4,9
Kevin,2,5,2
Kevin,2,6,4
Kevin,2,7,2
Kevin,2,8,4
Kevin,2,9,12
Kevin,2,10,14
Kevin,2,12,2
Kevin,2,13,8
Kevin,2,14,8
Kevin,2,15,4
Kevin,2,16,8
Kevin,2,17,4
Kevin,2,18,7
Kevin,2,19,15
Kevin,2,20,7
Kevin,2,21,5
Kevin,2,22,16
Kevin,3,1,1
Kevin,3,2,3
Kevin,3,3,5
Kevin,3,4,9
Kevin,3,5,4
Kevin,3,6,9
Kevin,3,7,12
Kevin,3,8,21
Kevin,3,9,13
Kevin,3,10,15
Kevin,3,11,10
Kevin,3,12,7
Kevin,3,13,3
Kevin,3,14,3
Kevin,3,15,4
Kevin,3,16,7
Kevin,3,17,12
Kevin,3,18,8
Kevin,3,19,22
Kevin,3,20,10
Kevin,3,21,11
Kevin,3,22,6
Kevin,3,23,17
Kevin,4,1,21
Kevin,4,2,16
Kevin,4,3,17
Kevin,4,4,12
Kevin,4,5,3
Kevin,4,6,2
Kevin,4,7,2
Kevin,4,8,4
Kevin,4,10,20
Kevin,4,11,4
Kevin,4,12,8
Kevin,4,13,9
Kevin,4,14,23
Kevin,5,1,14
Kevin,5,2,13
Kevin,5,3,12
Kevin,5,4,5
Kevin,5,5,5
Kevin,5,6,2
Kevin,5,7,2
Kevin,5,8,2
Kevin,5,9,3
Kevin,5,10,3
Kevin,5,11,8
Kevin,5,12,14
Kevin,5,13,8
Kevin,5,15,18
Kevin,5,16,15
Kevin,5,17,10
Kevin,5,18,5
Kevin,5,19,13
Kevin,5,20,10
Kevin,5,21,2
Kevin,5,22,1
Kevin,5,23,1
Kevin,5,24,1
Kevin,5,25,15
Kevin,5,26,5
Kevin,6,1,14
Kevin,6,2,1
Kevin,6,3,14
Kevin,6,4,30
Kevin,6,5,17
Kevin,6,6,6
Kevin,6,7,10
Kevin,6,8,6
Kevin,6,9,11
Kevin,6,10,4
Kevin,6,11,6
Kevin,6,12,13
Kevin,6,13,2
Kevin,6,14,1
Kevin,6,15,5
Kevin,6,16,29
Kevin,6,17,3
Kevin,6,18,8
Kevin,6,19,7
Kevin,6,20,20
Kevin,6,21,8
Kevin,6,23,6
Kevin,6,24,7
Kevin,7,1,5
Kevin,7,4,10
Kevin,7,5,12
Kevin,7,6,19
Kevin,7,7,4
Kevin,7,8,9
Kevin,7,9,9
Kevin,7,10,8
Kevin,7,11,15
Kevin,7,12,19
Kevin,7,13,9
Kevin,7,14,7
Kevin,7,15,13
Kevin,7,16,2
Kevin,7,17,13
Kevin,7,18,18
Kevin,7,19,4
Kevin,7,20,6
Kevin,7,21,11
Kevin,7,22,13
Kevin,7,23,20
Kevin,7,24,14
Kevin,8,1,10
Kevin,8,2,24
Kevin,8,3,21
Kevin,8,4,6
Kevin,8,5,9
Kevin,8,6,10
Kevin,8,7,15
Kevin,8,8,18
Kevin,8,9,2
Kevin,8,10,10
Kevin,8,11,19
Kevin,8,12,11
Kevin,8,13,12
Kevin,8,14,5
Kevin,8,15,2
Kevin,8,16,4
Kevin,8,17,8
Kevin,8,18,19
Kevin,8,19,8
Kevin,8,20,3
Kevin,8,21,9
Kevin,8,22,18
Kevin,8,23,1
Kevin,8,24,3
Kevin,9,1,7
Kevin,9,2,10
Kevin,9,3,3
Kevin,9,4,16
Kevin,9,5,2
Kevin,9,6,25
Kevin,9,7,3
Kevin,9,8,16
Kevin,9,9,13
Kevin,9,10,14
Kevin,9,11,19
Kevin,9,12,10
Kevin,9,13,1
Kevin,9,14,6
Kevin,9,15,6
Kevin,9,16,5
Kevin,9,17,12
Kevin,9,18,9
Kevin,9,19,5
Kevin,9,20,10
Kevin,9,21,13
Kevin,9,22,30
Kevin,9,23,31
Kevin & Andy,5,6,1
Kevin & Meredith,8,20,1
Kevin & Oscar,2,10,1
Kevin's computer,2,2,1
Kid,2,5,3
Kid,4,13,2
Kid,6,5,1
Kid,7,9,1
Kids,2,18,2
Kids,6,4,1
Kids,6,7,2
Kids,7,9,1
Lab Tech,2,12,3
Lady,3,13,2
Lady,7,7,1
Lady,7,18,1
Lady,8,17,5
Lady Blogger,8,17,1
Larry,3,19,2
Larry Myers,4,2,6
Lauren,8,20,11
Laurie,6,10,5
Lawyer,5,13,2
Lawyer,6,23,11
Lefevre,6,11,11
Leo,5,8,3
Lester,4,8,26
Lily,5,13,6
Limo Driver,6,10,2
Limo Driver,9,10,2
Linda,2,20,5
Linda,5,12,2
Liquor Store Clerk,2,10,2
Little Girl,6,4,1
Little Girl,7,9,2
Lonnie,9,12,2
Lonny,1,5,5
Lonny,2,15,3
Lonny,3,19,12
Luke,7,1,18
Lynn,5,16,6
Lynn,5,17,3
Lynn,5,25,7
M ichael,3,7,1
MIchael,3,13,1
Madge,1,5,3
Madge,2,15,2
Madge,3,19,2
Magician,8,20,10
Maguire,4,13,1
Malcolm,9,23,3
Male Applicant 1,8,3,3
Male Applicant 2,8,3,1
Male church member,7,7,3
Male voice,3,8,1
Man,1,1,1
Man,2,3,6
Man,2,20,1
Man,3,4,1
Man,3,10,1
Man,3,12,5
Man,3,17,1
Man,4,3,4
Man,4,8,5
Man,5,15,1
Man,5,21,1
Man,5,26,1
Man,7,9,10
Man,7,12,3
Man,8,8,1
Man,8,17,1
Man,9,19,6
Man,9,23,1
Man 1,9,23,1
Man 2,9,23,2
Man 3,9,23,1
Man from Buffalo,5,26,3
Man in Video,2,2,1
Man in line,6,10,1
Man on Phone,1,3,10
Man on phone,5,4,1
Man on phone,5,17,1
Manager,2,1,10
Manager,4,3,1
Manager,7,20,3
Marcy,3,13,3
Margaret,4,10,8
Marie,5,7,5
Mark,2,9,2
Mark,5,14,2
Mark,9,16,21
Mark McGrath,9,22,4
Martin,3,8,7
Martin,3,9,11
Mary-Beth,2,9,17
Master,2,6,9
Matt,6,12,4
Matt,6,19,5
Maurie,6,1,10
Mee-Maw,7,7,1
MeeMaw,7,7,1
Megan,6,1,3
Megan,8,20,7
Melissa,2,18,17
Melissa,3,17,6
Melvina,9,13,5
Mema,6,4,13
Member,7,12,2
Men,2,15,1
Meredith,1,3,3
Meredith,1,4,15
Meredith,2,2,1
Meredith,2,3,1
Meredith,2,4,4
Meredith,2,6,1
Meredith,2,10,12
Meredith,2,11,3
Meredith,2,12,1
Meredith,2,15,5
Meredith,2,16,3
Meredith,2,17,1
Meredith,2,18,2
Meredith,2,19,1
Meredith,2,20,2
Meredith,2,21,1
Meredith,2,22,3
Meredith,3,1,2
Meredith,3,2,1
Meredith,3,4,1
Meredith,3,6,2
Meredith,3,8,11
Meredith,3,9,1
Meredith,3,10,3
Meredith,3,11,2
Meredith,3,13,2
Meredith,3,14,2
Meredith,3,15,1
Meredith,3,16,12
Meredith,3,17,2
Meredith,3,21,5
Meredith,3,22,7
Meredith,3,23,6
Meredith,4,1,25
Meredith,4,3,14
Meredith,4,4,1
Meredith,4,5,3
Meredith,4,6,1
Meredith,4,7,5
Meredith,4,8,1
Meredith,4,11,1
Meredith,4,12,1
Meredith,4,13,1
Meredith,4,14,9
Meredith,5,1,7
Meredith,5,2,23
Meredith,5,3,1
Meredith,5,5,1
Meredith,5,6,1
Meredith,5,7,5
Meredith,5,8,2
Meredith,5,9,1
Meredith,5,10,36
Meredith,5,11,6
Meredith,5,12,2
Meredith,5,13,3
Meredith,5,15,9
Meredith,5,16,3
Meredith,5,18,1
Meredith,5,19,2
Meredith,5,21,1
Meredith,5,24,8
Meredith,5,25,1
Meredith,5,26,2
Meredith,6,1,4
Meredith,6,2,6
Meredith,6,3,9
Meredith,6,4,6
Meredith,6,5,3
Meredith,6,6,4
Meredith,6,7,8
Meredith,6,8,1
Meredith,6,9,4
Meredith,6,10,1
Meredith,6,12,3
Meredith,6,14,2
Meredith,6,15,4
Meredith,6,16,6
Meredith,6,17,4
Meredith,6,18,3
Meredith,6,19,1
Meredith,6,20,9
Meredith,6,22,1
Meredith,6,23,3
Meredith,7,1,3
Meredith,7,3,1
Meredith,7,4,7
Meredith,7,5,15
Meredith,7,6,1
Meredith,7,10,2
Meredith,7,11,10
Meredith,7,12,1
Meredith,7,14,3
Meredith,7,15,1
Meredith,7,17,3
Meredith,7,18,3
Meredith,7,19,1
Meredith,7,20,6
Meredith,7,21,6
Meredith,7,23,1
Meredith,7,24,6
Meredith,8,1,6
Meredith,8,2,5
Meredith,8,3,4
Meredith,8,4,6
Meredith,8,5,9
Meredith,8,8,1
Meredith,8,9,1
Meredith,8,10,18
Meredith,8,11,7
Meredith,8,12,9
Meredith,8,13,2
Meredith,8,14,2
Meredith,8,15,2
Meredith,8,17,3
Meredith,8,18,1
Meredith,8,19,2
Meredith,8,21,1
Meredith,8,22,2
Meredith,8,24,2
Meredith,9,1,2
Meredith,9,2,1
Meredith,9,3,1
Meredith,9,4,7
Meredith,9,5,5
Meredith,9,6,3
Meredith,9,7,4
Meredith,9,8,8
Meredith,9,9,5
Meredith,9,10,22
Meredith,9,11,6
Meredith,9,12,2
Meredith,9,13,5
Meredith,9,14,1
Meredith,9,15,2
Meredith,9,16,7
Meredith,9,17,3
Meredith,9,18,3
Meredith,9,19,2
Meredith,9,21,1
Meredith,9,22,9
Meredith,9,23,15
Meredith & Kelly,8,11,1
Meredith's Vet,2,22,3
"Meredith, Creed, Oscar and Matt",6,17,1
Meridith,7,9,2
Merv,7,24,10
Merv Bronte,7,24,1
Mexican Man,7,4,4
Micael,4,4,1
Micahel,4,4,1
Micahel,7,14,1
Micahel,7,18,1
Micahel,7,19,1
Michae,4,4,1
Michae,4,9,1
Michael,1,1,97
Michael,1,2,103
Michael,1,3,69
Michael,1,4,111
Michael,1,5,134
Michael,1,6,128
Michael,2,1,138
Michael,2,2,112
Michael,2,3,120
Michael,2,4,79
Michael,2,5,150
Michael,2,6,102
Michael,2,7,86
Michael,2,8,147
Michael,2,9,129
Michael,2,10,94
Michael,2,11,116
Michael,2,12,146
Michael,2,13,114
Michael,2,14,126
Michael,2,15,88
Michael,2,16,53
Michael,2,17,75
Michael,2,18,81
Michael,2,19,99
Michael,2,20,62
Michael,2,21,95
Michael,2,22,112
Michael,3,1,63
Michael,3,2,122
Michael,3,3,83
Michael,3,4,106
Michael,3,5,44
Michael,3,6,77
Michael,3,7,67
Michael,3,8,149
Michael,3,9,54
Michael,3,10,115
Michael,3,11,100
Michael,3,12,48
Michael,3,13,48
Michael,3,14,77
Michael,3,15,49
Michael,3,16,65
Michael,3,17,85
Michael,3,18,107
Michael,3,19,102
Michael,3,20,68
Michael,3,21,92
Michael,3,22,145
Michael,3,23,123
Michael,4,1,160
Michael,4,2,158
Michael,4,3,156
Michael,4,4,159
Michael,4,5,92
Michael,4,6,90
Michael,4,7,82
Michael,4,8,89
Michael,4,9,101
Michael,4,10,100
Michael,4,11,104
Michael,4,12,99
Michael,4,13,76
Michael,4,14,167
Michael,5,1,130
Michael,5,2,64
Michael,5,3,83
Michael,5,4,94
Michael,5,5,101
Michael,5,6,73
Michael,5,7,77
Michael,5,8,90
Michael,5,9,100
Michael,5,10,65
Michael,5,11,52
Michael,5,12,90
Michael,5,13,118
Michael,5,14,55
Michael,5,15,50
Michael,5,16,86
Michael,5,17,113
Michael,5,18,104
Michael,5,19,88
Michael,5,20,78
Michael,5,21,46
Michael,5,22,95
Michael,5,23,76
Michael,5,24,95
Michael,5,25,85
Michael,5,26,55
Michael,6,1,95
Michael,6,2,71
Michael,6,3,86
Michael,6,4,129
Michael,6,5,122
Michael,6,6,85
Michael,6,7,85
Michael,6,8,114
Michael,6,9,67
Michael,6,10,71
Michael,6,11,68
Michael,6,12,95
Michael,6,13,44
Michael,6,14,82
Michael,6,15,68
Michael,6,16,117
Michael,6,17,52
Michael,6,18,85
Michael,6,19,74
Michael,6,20,46
Michael,6,21,86
Michael,6,22,92
Michael,6,23,82
Michael,6,24,67
Michael,7,1,58
Michael,7,2,31
Michael,7,3,43
Michael,7,4,88
Michael,7,5,85
Michael,7,6,59
Michael,7,7,74
Michael,7,8,56
Michael,7,9,66
Michael,7,10,56
Michael,7,11,130
Michael,7,12,75
Michael,7,13,37
Michael,7,14,42
Michael,7,15,73
Michael,7,16,33
Michael,7,17,57
Michael,7,18,72
Michael,7,19,68
Michael,7,20,82
Michael,7,21,116
Michael,9,23,2
Michael ,3,7,1
Michael ,6,2,1
Michael ,7,20,1
Michael & Dwight,3,8,1
Michael & Dwight,6,1,2
Michael & Holly,5,2,1
Michael & Holly,5,5,3
Michael [on phone],5,4,2
Michael and Andy,7,7,1
Michael and Christian,2,7,2
Michael and Darryl,4,13,1
Michael and Donna,6,21,1
Michael and Dwight,1,5,1
Michael and Dwight,2,14,1
Michael and Dwight,2,18,2
Michael and Dwight,3,7,2
Michael and Dwight,3,8,1
Michael and Dwight,4,6,2
Michael and Dwight,6,4,1
Michael and Dwight,6,15,1
Michael and Erin,6,11,1
Michael and Holly,5,5,1
Michael and Jim,2,9,2
Michael's Ad,4,5,1
"Michael, Holly, and Darryl",5,5,1
"Michael, Pam & Ryan",5,22,1
Michael/Dwight,4,10,1
Michal,5,20,1
Micheal,3,19,1
Micheal,5,1,2
Micheal,5,2,3
Micheal,5,20,1
Micheal,6,4,1
Micheal,7,9,1
Michel,1,1,1
Michel,5,13,1
Michel,6,4,1
Michel,6,8,1
Michel,7,4,1
Mihael,6,21,1
Miichael,6,18,1
Mikela,6,11,9
Minister,9,23,2
Miss Trudy,2,18,2
Moderator,9,23,2
Molly,9,7,3
Mose,4,4,13
Mose,7,2,2
Mose,8,4,5
Mose,8,24,2
Mose,9,13,4
Mose,9,17,3
Mose,9,23,2
Mose [on phone],7,23,1
Mother,5,6,4
Mr. Beesly,6,4,2
Mr. Brown,1,2,52
Mr. Figaro,4,4,4
Mr. Halpert,6,4,5
Mr. Kapoor,3,6,1
Mr. O'Malley,2,2,1
Mr. Ramish,8,23,11
Mr. Romanko,9,12,3
Mr. Ruger,9,18,5
Mr. Schofield,5,22,7
Mrs. California,8,9,1
Mrs. Davis,9,19,5
Mrs. Kapoor,3,6,1
Mrs. Wallace,6,14,3
Nail manager,9,15,2
Nail stylist 1,9,15,1
Nail stylist 2,9,15,2
Nana,5,20,10
Narrator,8,8,2
Nate,7,4,7
Nate,7,10,13
Nate,7,11,5
Nate,8,3,3
Nate,8,10,5
Nate,8,13,3
Nate,8,14,12
Nate,8,21,1
Nate,9,13,2
Nate,9,14,4
Neighbor,4,9,1
Nellie,7,24,9
Nellie,8,15,27
Nellie,8,16,24
Nellie,8,17,19
Nellie,8,18,12
Nellie,8,19,42
Nellie,8,20,22
Nellie,8,21,36
Nellie,8,22,17
Nellie,8,23,15
Nellie,8,24,19
Nellie,9,1,10
Nellie,9,2,31
Nellie,9,3,34
Nellie,9,4,27
Nellie,9,5,21
Nellie,9,6,16
Nellie,9,7,6
Nellie,9,8,9
Nellie,9,9,11
Nellie,9,10,9
Nellie,9,11,9
Nellie,9,12,24
Nellie,9,13,3
Nellie,9,14,9
Nellie,9,15,7
Nellie,9,16,8
Nellie,9,17,2
Nellie,9,18,4
Nellie,9,19,13
Nellie,9,20,20
Nellie,9,21,5
Nellie,9,23,9
Nellie Bertram,7,24,1
Nellie and Pam,9,3,1
New Instant Message,9,11,1
Nick,4,4,13
Nick,6,15,5
Nick,6,16,2
Nick,6,24,11
Night cleaning crew,6,17,1
Nurse,4,1,3
Nurse,5,26,3
Nurse,6,16,19
Nurse,8,13,2
O'Keefe,6,10,5
Off-camera,9,1,2
Office,6,12,1
Office,7,14,1
Office Staff,2,19,1
Officer,4,9,1
Officer 1,4,9,3
Officer 2,4,9,2
Officer Foley,8,13,2
Offscreen,8,7,1
Old Lady,8,17,4
Old Man,8,7,4
Old Woman,5,20,1
Old Woman,7,4,3
Old lady,6,22,1
Older Woman,7,13,2
Older guy,7,13,1
Oscar,1,1,6
Oscar,1,2,13
Oscar,1,3,16
Oscar,1,4,20
Oscar,1,5,2
Oscar,1,6,1
Oscar,2,1,4
Oscar,2,2,1
Oscar,2,3,13
Oscar,2,4,4
Oscar,2,5,7
Oscar,2,6,2
Oscar,2,7,5
Oscar,2,8,5
Oscar,2,9,6
Oscar,2,10,20
Oscar,2,11,4
Oscar,2,12,4
Oscar,2,13,9
Oscar,2,14,5
Oscar,2,16,5
Oscar,2,17,3
Oscar,2,18,4
Oscar,2,19,7
Oscar,2,20,8
Oscar,2,21,9
Oscar,2,22,5
Oscar,3,1,17
Oscar,3,10,1
Oscar,3,13,11
Oscar,3,16,9
Oscar,3,17,1
Oscar,3,18,4
Oscar,3,19,3
Oscar,3,20,9
Oscar,3,22,5
Oscar,3,23,12
Oscar,4,1,14
Oscar,4,2,8
Oscar,4,3,12
Oscar,4,4,32
Oscar,4,5,1
Oscar,4,6,12
Oscar,4,7,7
Oscar,4,8,4
Oscar,4,10,2
Oscar,4,11,8
Oscar,4,12,2
Oscar,4,13,5
Oscar,4,14,4
Oscar,5,1,24
Oscar,5,2,7
Oscar,5,3,4
Oscar,5,4,5
Oscar,5,5,6
Oscar,5,7,38
Oscar,5,8,3
Oscar,5,9,31
Oscar,5,10,5
Oscar,5,11,10
Oscar,5,12,3
Oscar,5,13,11
Oscar,5,14,1
Oscar,5,15,13
Oscar,5,16,14
Oscar,5,17,7
Oscar,5,18,3
Oscar,5,19,12
Oscar,5,20,1
Oscar,5,21,5
Oscar,5,24,5
Oscar,5,25,6
Oscar,5,26,2
Oscar,6,1,10
Oscar,6,2,7
Oscar,6,3,12
Oscar,6,4,9
Oscar,6,5,18
Oscar,6,6,6
Oscar,6,7,11
Oscar,6,8,3
Oscar,6,9,8
Oscar,6,10,18
Oscar,6,11,2
Oscar,6,12,13
Oscar,6,14,5
Oscar,6,15,6
Oscar,6,16,3
Oscar,6,17,4
Oscar,6,18,1
Oscar,6,19,20
Oscar,6,20,6
Oscar,6,21,9
Oscar,6,22,1
Oscar,6,23,3
Oscar,6,24,2
Oscar,7,1,8
Oscar,7,2,7
Oscar,7,3,1
Oscar,7,4,7
Oscar,7,5,16
Oscar,7,6,8
Oscar,7,7,2
Oscar,7,8,7
Oscar,7,9,5
Oscar,7,10,25
Oscar,7,11,12
Oscar,7,12,3
Oscar,7,13,14
Oscar,7,14,12
Oscar,7,15,17
Oscar,7,17,1
Oscar,7,18,7
Oscar,7,19,5
Oscar,7,20,6
Oscar,7,21,6
Oscar,7,22,2
Oscar,7,23,4
Oscar,7,24,22
Oscar,8,1,7
Oscar,8,2,7
Oscar,8,3,18
Oscar,8,4,10
Oscar,8,5,10
Oscar,8,6,11
Oscar,8,7,4
Oscar,8,8,20
Oscar,8,9,12
Oscar,8,10,9
Oscar,8,11,19
Oscar,8,12,12
Oscar,8,13,24
Oscar,8,14,4
Oscar,8,15,1
Oscar,8,16,10
Oscar,8,17,6
Oscar,8,18,4
Oscar,8,19,1
Oscar,8,20,11
Oscar,8,21,7
Oscar,8,22,16
Oscar,8,23,1
Oscar,8,24,11
Oscar,9,1,9
Oscar,9,2,5
Oscar,9,3,7
Oscar,9,4,13
Oscar,9,5,3
Oscar,9,6,27
Oscar,9,7,21
Oscar,9,8,22
Oscar,9,9,7
Oscar,9,10,10
Oscar,9,11,19
Oscar,9,12,8
Oscar,9,13,2
Oscar,9,14,12
Oscar,9,15,7
Oscar,9,16,8
Oscar,9,17,11
Oscar,9,18,29
Oscar,9,19,7
Oscar,9,20,2
Oscar,9,21,19
Oscar,9,22,28
Oscar,9,23,18
Oscar and Stanley,4,4,1
Oscar's Computer,9,16,1
Oscar's friend,8,11,3
Oscar's voice from the computer,6,20,1
Other Guy at Bar,2,1,1
Other waitress,3,10,2
Others,8,17,1
Others,8,24,1
Overhead,2,17,1
Overhead,3,6,1
Packer,1,5,1
Packer,2,14,7
Packer,3,11,7
Packer,3,14,12
Packer,8,15,17
Packer,8,16,11
Pam,1,1,46
Pam,1,2,26
Pam,1,3,44
Pam,1,4,37
Pam,1,5,17
Pam,1,6,49
Pam,2,1,48
Pam,2,2,41
Pam,2,3,45
Pam,2,4,28
Pam,2,5,27
Pam,2,6,27
Pam,2,7,40
Pam,2,8,35
Pam,2,9,47
Pam,2,10,22
Pam,2,11,22
Pam,2,12,57
Pam,2,13,28
Pam,2,14,28
Pam,2,15,30
Pam,2,16,30
Pam,2,17,24
Pam,2,18,26
Pam,2,19,26
Pam,2,20,26
Pam,2,21,26
Pam,2,22,46
Pam,3,1,12
Pam,3,2,30
Pam,3,3,20
Pam,3,4,34
Pam,3,5,56
Pam,3,6,26
Pam,3,7,22
Pam,3,8,45
Pam,3,9,16
Pam,3,10,57
Pam,3,11,43
Pam,3,12,26
Pam,3,13,10
Pam,3,14,30
Pam,3,15,15
Pam,3,16,29
Pam,3,17,24
Pam,3,18,16
Pam,3,19,21
Pam,3,20,16
Pam,3,21,36
Pam,3,22,30
Pam,3,23,51
Pam,4,1,84
Pam,4,2,56
Pam,4,3,31
Pam,4,4,56
Pam,4,5,22
Pam,4,6,26
Pam,4,7,23
Pam,4,8,25
Pam,4,9,35
Pam,4,10,42
Pam,4,11,17
Pam,4,12,30
Pam,4,13,34
Pam,4,14,47
Pam,5,1,36
Pam,5,2,9
Pam,5,3,25
Pam,5,4,11
Pam,5,5,25
Pam,5,6,34
Pam,5,7,14
Pam,5,8,26
Pam,5,9,58
Pam,5,10,6
Pam,5,11,9
Pam,5,12,5
Pam,5,13,32
Pam,5,14,35
Pam,5,15,38
Pam,5,16,32
Pam,5,17,24
Pam,5,18,14
Pam,5,19,38
Pam,5,20,65
Pam,5,21,45
Pam,5,22,18
Pam,5,23,33
Pam,5,24,30
Pam,5,25,19
Pam,5,26,25
Pam,6,1,27
Pam,6,2,24
Pam,6,3,17
Pam,6,4,70
Pam,6,5,5
Pam,6,6,60
Pam,6,7,39
Pam,6,8,70
Pam,6,9,12
Pam,6,10,12
Pam,6,11,14
Pam,6,12,16
Pam,6,13,5
Pam,6,14,25
Pam,6,15,5
Pam,6,16,126
Pam,6,17,1
Pam,6,18,3
Pam,6,19,31
Pam,6,20,28
Pam,6,21,27
Pam,6,22,42
Pam,6,23,30
Pam,6,24,17
Pam,7,1,25
Pam,7,2,39
Pam,7,3,17
Pam,7,4,8
Pam,7,5,10
Pam,7,6,24
Pam,7,7,33
Pam,7,8,23
Pam,7,9,28
Pam,7,10,45
Pam,7,11,69
Pam,7,12,31
Pam,7,13,18
Pam,7,14,36
Pam,7,15,24
Pam,7,16,4
Pam,7,17,36
Pam,7,18,32
Pam,7,19,8
Pam,7,20,15
Pam,7,21,20
Pam,7,22,24
Pam,7,23,11
Pam,7,24,32
Pam,8,1,25
Pam,8,2,34
Pam,8,3,23
Pam,8,4,15
Pam,8,5,27
Pam,8,6,21
Pam,8,7,65
Pam,8,8,18
Pam,8,13,28
Pam,8,14,29
Pam,8,15,10
Pam,8,16,15
Pam,8,17,10
Pam,8,18,10
Pam,8,19,17
Pam,8,20,32
Pam,8,21,29
Pam,8,22,22
Pam,8,23,23
Pam,8,24,22
Pam,9,1,19
Pam,9,2,34
Pam,9,3,34
Pam,9,4,29
Pam,9,5,32
Pam,9,6,11
Pam,9,7,45
Pam,9,8,17
Pam,9,9,32
Pam,9,10,44
Pam,9,11,23
Pam,9,12,48
Pam,9,13,24
Pam,9,14,57
Pam,9,15,28
Pam,9,16,55
Pam,9,17,21
Pam,9,18,42
Pam,9,19,9
Pam,9,20,22
Pam,9,21,30
Pam,9,22,34
Pam,9,23,45
Pam ,7,10,1
Pam & Dwight,9,13,1
Pam [on phone],5,4,4
Pam and Jim,2,1,1
Pam and Jim,4,3,1
Pam and Kelly,8,7,1
Pam and others,2,14,1
Pam as fourth-biggest client,7,24,3
Pam as ninth-biggest client,7,24,2
Pam's Mom,2,2,18
Pam's dad,6,4,1
Pam's mom,6,4,11
Pam/Jim,2,20,1
Paramedic,8,15,2
Parent in Audience,9,12,1
Parent in audience #1,9,12,1
Parent in audience #2,9,12,1
Paris,3,13,6
Park Ranger,8,8,3
Party Announcer,9,14,1
Party Guest,9,14,1
Party Photographer,9,14,5
Party Waiter,9,14,1
Party guests,8,20,1
Passer-by,7,10,5
Pastor,7,7,7
Pastor,9,20,1
Patty,8,17,1
Paul,4,10,2
Paul Faust,4,10,1
Pediatrician,4,1,3
Penny,6,4,11
People in line,9,22,1
Pete,5,5,15
Pete,6,4,6
Pete,9,1,13
Pete,9,2,16
Pete,9,3,5
Pete,9,4,2
Pete,9,5,2
Pete,9,6,10
Pete,9,7,9
Pete,9,8,23
Pete,9,9,22
Pete,9,10,7
Pete,9,11,2
Pete,9,12,12
Pete,9,15,8
Pete,9,16,41
Pete,9,18,2
Pete,9,19,2
Pete,9,20,4
Pete,9,21,5
Pete,9,22,4
Pete,9,23,3
Pete Halpert,6,4,1
Phil,4,13,10
Phil Maguire,4,13,5
Philip,9,22,1
Phillip,9,20,1
Phillip,9,22,3
Phone,3,12,1
Phone,5,19,1
Phone,8,23,4
Phone Salesman,5,16,7
Photographer,2,21,14
Photographer,3,15,1
Photographer,8,24,2
Photographer,9,23,1
Phylis,2,13,1
Phylis,5,25,1
Phyliss,7,9,1
Phyllis,1,1,2
Phyllis,1,4,5
Phyllis,1,5,4
Phyllis,2,1,23
Phyllis,2,2,6
Phyllis,2,3,4
Phyllis,2,4,6
Phyllis,2,5,5
Phyllis,2,7,6
Phyllis,2,8,1
Phyllis,2,9,7
Phyllis,2,10,8
Phyllis,2,11,8
Phyllis,2,12,3
Phyllis,2,14,2
Phyllis,2,15,9
Phyllis,2,16,5
Phyllis,2,17,8
Phyllis,2,18,1
Phyllis,2,19,2
Phyllis,2,20,7
Phyllis,2,21,15
Phyllis,2,22,8
Phyllis,3,1,3
Phyllis,3,2,2
Phyllis,3,3,5
Phyllis,3,4,3
Phyllis,3,5,2
Phyllis,3,6,2
Phyllis,3,7,8
Phyllis,3,8,8
Phyllis,3,9,1
Phyllis,3,10,15
Phyllis,3,11,5
Phyllis,3,12,10
Phyllis,3,13,3
Phyllis,3,15,15
Phyllis,3,18,4
Phyllis,3,19,3
Phyllis,3,20,1
Phyllis,3,21,12
Phyllis,3,22,5
Phyllis,3,23,5
Phyllis,4,1,9
Phyllis,4,2,13
Phyllis,4,3,9
Phyllis,4,4,3
Phyllis,4,5,7
Phyllis,4,6,2
Phyllis,4,7,4
Phyllis,4,8,3
Phyllis,4,9,1
Phyllis,4,10,9
Phyllis,4,11,5
Phyllis,4,12,9
Phyllis,4,13,2
Phyllis,4,14,23
Phyllis,5,1,16
Phyllis,5,2,6
Phyllis,5,3,7
Phyllis,5,4,24
Phyllis,5,5,5
Phyllis,5,6,4
Phyllis,5,7,2
Phyllis,5,8,3
Phyllis,5,9,2
Phyllis,5,10,19
Phyllis,5,11,3
Phyllis,5,12,4
Phyllis,5,13,11
Phyllis,5,14,3
Phyllis,5,15,1
Phyllis,5,16,11
Phyllis,5,18,3
Phyllis,5,19,3
Phyllis,5,20,2
Phyllis,5,21,1
Phyllis,5,22,5
Phyllis,5,23,1
Phyllis,5,24,13
Phyllis,5,25,27
Phyllis,5,26,4
Phyllis,6,1,7
Phyllis,6,2,2
Phyllis,6,3,13
Phyllis,6,4,3
Phyllis,6,5,1
Phyllis,6,6,2
Phyllis,6,7,9
Phyllis,6,8,2
Phyllis,6,9,5
Phyllis,6,10,7
Phyllis,6,11,4
Phyllis,6,12,27
Phyllis,6,14,1
Phyllis,6,15,4
Phyllis,6,16,6
Phyllis,6,17,1
Phyllis,6,18,18
Phyllis,6,19,6
Phyllis,6,20,3
Phyllis,6,21,4
Phyllis,6,23,8
Phyllis,6,24,5
Phyllis,7,1,7
Phyllis,7,2,3
Phyllis,7,3,4
Phyllis,7,4,5
Phyllis,7,5,8
Phyllis,7,6,5
Phyllis,7,7,5
Phyllis,7,8,12
Phyllis,7,9,1
Phyllis,7,10,3
Phyllis,7,11,13
Phyllis,7,12,9
Phyllis,7,13,3
Phyllis,7,14,10
Phyllis,7,15,3
Phyllis,7,17,1
Phyllis,7,18,3
Phyllis,7,19,2
Phyllis,7,20,3
Phyllis,7,21,18
Phyllis,7,22,4
Phyllis,7,23,5
Phyllis,7,24,20
Phyllis,8,1,11
Phyllis,8,2,8
Phyllis,8,3,7
Phyllis,8,4,3
Phyllis,8,5,7
Phyllis,8,6,2
Phyllis,8,7,2
Phyllis,8,8,11
Phyllis,8,9,3
Phyllis,8,10,7
Phyllis,8,11,3
Phyllis,8,12,3
Phyllis,8,13,12
Phyllis,8,14,2
Phyllis,8,16,4
Phyllis,8,17,2
Phyllis,8,18,6
Phyllis,8,19,4
Phyllis,8,20,9
Phyllis,8,21,10
Phyllis,8,22,1
Phyllis,8,23,1
Phyllis,8,24,5
Phyllis,9,1,1
Phyllis,9,2,1
Phyllis,9,3,3
Phyllis,9,4,5
Phyllis,9,7,14
Phyllis,9,8,12
Phyllis,9,9,10
Phyllis,9,10,8
Phyllis,9,11,6
Phyllis,9,12,3
Phyllis,9,14,1
Phyllis,9,15,6
Phyllis,9,16,10
Phyllis,9,17,8
Phyllis,9,18,6
Phyllis,9,19,5
Phyllis,9,21,4
Phyllis,9,22,7
Phyllis,9,23,17
Phyllis and Creed,5,13,1
"Phyllis, Kevin & Stanley",9,4,1
"Phyllis, Meredith, Michael, Kevin",2,10,1
"Phyllis, Stanley, Dwight",7,13,1
Pizza guy,4,3,22
Police Officer 1,5,8,10
Police Officer 2,5,8,6
Policeman,6,16,2
Pretzel guy,3,5,3
Priest,3,15,4
Prince,5,12,1
Prince Granddaughter,5,12,4
Prince Grandfather,5,12,19
Prince Grandmother,5,12,2
Prince Son,5,12,1
Producer,9,20,6
Production Assistant,9,20,1
Professor,5,1,5
Professor Powell,7,13,4
Promo Announcer,9,18,2
Promo Voice,9,18,1
Queerenstein Bears,8,11,1
Rachel,3,17,11
Rachel,9,23,7
Radio,7,7,1
Rafe,9,1,1
Randy,3,15,2
Ravi,8,21,1
Ravi,8,24,1
Ravi,9,23,7
Realtor,6,24,4
Receptionist,2,16,2
Receptionist,3,23,1
Receptionist,4,5,1
Receptionist,5,4,1
Receptionist,5,15,5
Receptionist,7,5,1
Receptionist,8,11,4
Receptionist,8,23,4
Receptionitis15,5,1,2
Receptionitis15 [screen name],5,1,1
Redheaded Actress,2,2,1
Registrar,6,10,1
Rehab Nurse,5,10,1
Reid,6,17,5
Rep,6,5,6
Reporter,6,23,3
Reporter,7,8,2
Reporter #1,9,19,1
Reporter #2,9,19,1
Robert,7,11,5
Robert,7,24,12
Robert,8,1,33
Robert,8,2,24
Robert,8,4,18
Robert,8,5,32
Robert,8,6,35
Robert,8,7,10
Robert,8,8,24
Robert,8,9,40
Robert,8,10,26
Robert,8,11,16
Robert,8,12,24
Robert,8,19,24
Robert,8,20,19
Robert,8,21,18
Robert,8,22,13
Robert,8,23,33
Robert,8,24,15
Robert,9,19,7
Robert,9,20,2
Robert & Creed,8,21,1
Robert California,7,24,1
Robert California,8,18,14
Robert Dunder,4,2,11
Robotic Voice,7,9,2
Roger,9,16,1
Rolando,4,6,2
Rolando,5,14,2
Rolf,9,13,12
Rolph,5,26,9
Ronnie,5,1,3
Rory,7,21,2
Rose,5,13,8
Roy,1,1,5
Roy,1,4,3
Roy,1,5,13
Roy,1,6,14
Roy,2,1,7
Roy,2,2,14
Roy,2,4,6
Roy,2,7,1
Roy,2,9,7
Roy,2,10,8
Roy,2,11,16
Roy,2,14,8
Roy,2,15,20
Roy,2,16,5
Roy,2,18,3
Roy,2,22,11
Roy,3,1,4
Roy,3,3,2
Roy,3,4,15
Roy,3,6,1
Roy,3,7,4
Roy,3,10,6
Roy,3,11,7
Roy,3,14,1
Roy,3,15,9
Roy,3,16,8
Roy,3,17,24
Roy,3,18,8
Roy,5,4,14
Roy,9,2,11
Ruger Sister 1,9,18,2
Ruger Sister 2,9,18,1
Ryan,1,1,10
Ryan,1,2,7
Ryan,1,3,1
Ryan,1,4,5
Ryan,1,5,8
Ryan,1,6,21
Ryan,2,1,2
Ryan,2,2,1
Ryan,2,3,5
Ryan,2,4,50
Ryan,2,5,1
Ryan,2,6,18
Ryan,2,7,8
Ryan,2,8,14
Ryan,2,9,6
Ryan,2,10,18
Ryan,2,11,6
Ryan,2,12,16
Ryan,2,13,14
Ryan,2,14,13
Ryan,2,15,2
Ryan,2,16,4
Ryan,2,17,14
Ryan,2,18,12
Ryan,2,19,10
Ryan,2,20,7
Ryan,2,21,5
Ryan,2,22,1
Ryan,3,1,1
Ryan,3,2,8
Ryan,3,3,1
Ryan,3,4,7
Ryan,3,5,43
Ryan,3,6,12
Ryan,3,7,7
Ryan,3,8,11
Ryan,3,9,3
Ryan,3,10,22
Ryan,3,11,2
Ryan,3,12,8
Ryan,3,13,3
Ryan,3,14,6
Ryan,3,16,16
Ryan,3,17,12
Ryan,3,18,9
Ryan,3,19,9
Ryan,3,20,3
Ryan,3,21,5
Ryan,3,22,5
Ryan,3,23,4
Ryan,4,1,8
Ryan,4,2,85
Ryan,4,3,7
Ryan,4,4,21
Ryan,4,5,8
Ryan,4,8,10
Ryan,4,11,70
Ryan,4,12,14
Ryan,4,14,5
Ryan,5,1,20
Ryan,5,2,12
Ryan,5,5,4
Ryan,5,6,6
Ryan,5,7,13
Ryan,5,8,18
Ryan,5,20,11
Ryan,5,21,25
Ryan,5,22,9
Ryan,5,23,24
Ryan,5,24,25
Ryan,5,25,2
Ryan,6,1,1
Ryan,6,2,5
Ryan,6,3,5
Ryan,6,4,3
Ryan,6,5,4
Ryan,6,6,8
Ryan,6,7,1
Ryan,6,8,8
Ryan,6,9,1
Ryan,6,10,18
Ryan,6,11,4
Ryan,6,12,8
Ryan,6,13,1
Ryan,6,15,19
Ryan,6,16,2
Ryan,6,17,3
Ryan,6,18,3
Ryan,6,19,5
Ryan,6,20,5
Ryan,6,21,4
Ryan,6,22,4
Ryan,6,23,11
Ryan,6,24,2
Ryan,7,1,3
Ryan,7,2,3
Ryan,7,4,1
Ryan,7,5,3
Ryan,7,6,6
Ryan,7,7,6
Ryan,7,8,3
Ryan,7,9,54
Ryan,7,10,7
Ryan,7,11,11
Ryan,7,12,6
Ryan,7,13,8
Ryan,7,14,6
Ryan,7,15,6
Ryan,7,16,1
Ryan,7,17,4
Ryan,7,18,9
Ryan,7,19,2
Ryan,7,20,6
Ryan,7,21,3
Ryan,7,22,15
Ryan,7,23,2
Ryan,7,24,11
Ryan,8,1,5
Ryan,8,2,5
Ryan,8,3,6
Ryan,8,4,8
Ryan,8,5,3
Ryan,8,6,3
Ryan,8,7,6
Ryan,8,8,11
Ryan,8,9,3
Ryan,8,10,10
Ryan,8,11,6
Ryan,8,12,10
Ryan,8,13,2
Ryan,8,14,12
Ryan,8,15,9
Ryan,8,16,20
Ryan,8,17,17
Ryan,8,18,2
Ryan,8,19,1
Ryan,8,20,3
Ryan,8,21,30
Ryan,8,22,17
Ryan,9,1,1
Ryan,9,23,15
Ryan Howard,9,18,17
Ryan and Kelly,7,14,1
Ryan and Michael,7,9,1
Ryan and others,3,4,1
Ryan's Voicemail,2,6,1
Sadiq (IT guy),2,9,12
Salesman,7,2,10
Salesman,9,18,1
Salesmen,9,18,1
Saleswoman,8,15,1
Sam,5,13,6
Santigold,9,22,4
Sasha,2,18,8
Sasha,5,10,1
Sasha,8,24,1
School Official,3,20,4
Second Cindy,3,10,13
Second Shareholder,6,10,1
Secretary,5,22,4
Secretary,6,7,2
Secretary,9,7,2
Security,6,10,2
Security guard,4,6,1
Senator,8,22,7
Senator,9,14,8
Senator,9,18,1
Senator Lipton,8,13,9
Senator Lipton,8,24,14
Senator Lipton,9,5,5
Senator Liptop,9,6,3
Sensei,9,21,11
Sensei Ira,9,13,1
Server,3,6,1
Server,9,2,2
Seth Mayers,9,23,3
Shane,6,23,11
Shareholder,6,10,1
Shelby,7,3,8
Sheriff,2,20,8
Sherri,2,5,11
Shirley,9,16,17
Soldier,8,8,1
Soldier,9,22,1
Someone,3,11,2
Someone,4,1,1
Someone,4,14,1
Son,7,4,4
Song,2,4,6
Spanish Teacher,3,20,3
Speaker,2,17,2
Speaker,8,22,6
Stanely,4,4,2
Stanley,1,1,5
Stanley,1,2,5
Stanley,1,3,6
Stanley,1,4,2
Stanley,1,5,6
Stanley,1,6,3
Stanley,2,1,8
Stanley,2,2,1
Stanley,2,3,3
Stanley,2,4,7
Stanley,2,5,5
Stanley,2,6,9
Stanley,2,7,1
Stanley,2,8,5
Stanley,2,9,4
Stanley,2,10,5
Stanley,2,11,10
Stanley,2,12,4
Stanley,2,13,3
Stanley,2,14,8
Stanley,2,15,1
Stanley,2,17,6
Stanley,2,18,9
Stanley,2,19,3
Stanley,2,20,9
Stanley,2,21,4
Stanley,2,22,3
Stanley,3,1,1
Stanley,3,2,1
Stanley,3,3,3
Stanley,3,4,6
Stanley,3,5,9
Stanley,3,6,1
Stanley,3,7,1
Stanley,3,8,4
Stanley,3,9,2
Stanley,3,10,5
Stanley,3,11,10
Stanley,3,12,8
Stanley,3,13,2
Stanley,3,14,1
Stanley,3,15,2
Stanley,3,16,2
Stanley,3,17,5
Stanley,3,18,4
Stanley,3,19,5
Stanley,3,20,1
Stanley,3,21,2
Stanley,3,22,12
Stanley,3,23,7
Stanley,4,1,10
Stanley,4,2,5
Stanley,4,3,7
Stanley,4,4,7
Stanley,4,5,1
Stanley,4,6,10
Stanley,4,7,2
Stanley,4,8,3
Stanley,4,9,1
Stanley,4,10,1
Stanley,4,11,6
Stanley,4,12,23
Stanley,4,14,5
Stanley,5,1,8
Stanley,5,2,5
Stanley,5,3,2
Stanley,5,4,1
Stanley,5,5,1
Stanley,5,6,4
Stanley,5,7,3
Stanley,5,9,4
Stanley,5,10,4
Stanley,5,11,2
Stanley,5,12,5
Stanley,5,13,28
Stanley,5,14,7
Stanley,5,15,2
Stanley,5,16,2
Stanley,5,17,1
Stanley,5,18,2
Stanley,5,19,7
Stanley,5,20,4
Stanley,5,21,3
Stanley,5,22,1
Stanley,5,23,1
Stanley,5,24,12
Stanley,5,25,2
Stanley,5,26,2
Stanley,6,1,12
Stanley,6,2,2
Stanley,6,3,3
Stanley,6,4,7
Stanley,6,6,1
Stanley,6,7,3
Stanley,6,8,1
Stanley,6,9,6
Stanley,6,10,4
Stanley,6,11,2
Stanley,6,12,5
Stanley,6,14,1
Stanley,6,16,3
Stanley,6,17,1
Stanley,6,18,11
Stanley,6,19,1
Stanley,6,21,2
Stanley,6,22,3
Stanley,6,23,2
Stanley,6,24,2
Stanley,7,1,5
Stanley,7,2,3
Stanley,7,3,2
Stanley,7,4,4
Stanley,7,5,5
Stanley,7,6,7
Stanley,7,7,3
Stanley,7,8,1
Stanley,7,9,7
Stanley,7,10,6
Stanley,7,11,5
Stanley,7,13,2
Stanley,7,14,3
Stanley,7,15,1
Stanley,7,17,1
Stanley,7,18,1
Stanley,7,19,3
Stanley,7,20,3
Stanley,7,21,7
Stanley,7,23,2
Stanley,7,24,4
Stanley,8,1,8
Stanley,8,2,5
Stanley,8,4,1
Stanley,8,5,4
Stanley,8,6,9
Stanley,8,8,4
Stanley,8,9,1
Stanley,8,10,5
Stanley,8,11,5
Stanley,8,12,7
Stanley,8,13,7
Stanley,8,14,7
Stanley,8,15,13
Stanley,8,16,6
Stanley,8,17,1
Stanley,8,18,2
Stanley,8,19,1
Stanley,8,20,1
Stanley,8,21,1
Stanley,8,22,1
Stanley,8,23,1
Stanley,8,24,1
Stanley,9,1,3
Stanley,9,2,1
Stanley,9,3,2
Stanley,9,4,10
Stanley,9,5,2
Stanley,9,8,14
Stanley,9,9,5
Stanley,9,10,4
Stanley,9,11,4
Stanley,9,12,1
Stanley,9,13,2
Stanley,9,15,1
Stanley,9,16,5
Stanley,9,17,2
Stanley,9,18,5
Stanley,9,19,21
Stanley,9,20,2
Stanley,9,21,4
Stanley,9,22,4
Stanley,9,23,8
Stanley & Phyllis,5,6,1
Staples Guy,3,13,1
Stephanie,5,18,6
Stephanie,6,11,2
Stephanie,6,12,1
Steve,7,5,5
Stewardess,5,7,1
Stonewall Host,8,11,3
Store Employee,2,19,1
Stripper,9,23,5
Stu,8,11,1
Student 1,3,16,1
Student 1,3,17,1
Student 2,3,16,5
Student 2,3,17,1
Student 3,3,16,1
Students,6,11,4
Students,7,7,1
Suit Store Father,9,11,11
Suit Store Son,9,11,10
Supervisor,5,20,1
Susan,8,9,48
Sweeney Todd,7,3,14
TV,7,8,1
Tall Girl #1,4,11,5
Tall Girl #2,4,11,1
Tattoo Artist,8,2,8
Teacher,6,11,4
Teammates,1,5,1
Tech Guy,4,3,1
Ted,3,2,1
Teddy,6,14,6
Teddy Wallace,6,14,1
The Kids,2,18,1
Third Shareholder,6,10,1
Toby,1,2,2
Toby,1,4,7
Toby,1,6,14
Toby,2,1,6
Toby,2,2,26
Toby,2,3,4
Toby,2,4,2
Toby,2,5,7
Toby,2,6,5
Toby,2,7,1
Toby,2,8,1
Toby,2,9,1
Toby,2,10,7
Toby,2,11,3
Toby,2,12,13
Toby,2,13,3
Toby,2,14,8
Toby,2,17,4
Toby,2,18,13
Toby,2,19,8
Toby,2,20,9
Toby,2,21,22
Toby,2,22,5
Toby,3,1,10
Toby,3,2,6
Toby,3,4,10
Toby,3,5,1
Toby,3,6,2
Toby,3,7,3
Toby,3,8,16
Toby,3,9,4
Toby,3,10,15
Toby,3,11,9
Toby,3,15,2
Toby,3,16,3
Toby,3,17,5
Toby,3,18,17
Toby,3,19,8
Toby,3,21,7
Toby,3,22,4
Toby,4,1,11
Toby,4,2,18
Toby,4,3,8
Toby,4,4,2
Toby,4,5,2
Toby,4,6,10
Toby,4,7,16
Toby,4,8,4
Toby,4,10,1
Toby,4,11,8
Toby,4,12,13
Toby,4,14,51
Toby,5,1,3
Toby,5,3,3
Toby,5,8,29
Toby,5,9,2
Toby,5,10,15
Toby,5,19,1
Toby,5,21,3
Toby,5,24,13
Toby,5,26,2
Toby,6,1,1
Toby,6,2,26
Toby,6,4,4
Toby,6,5,3
Toby,6,6,15
Toby,6,8,7
Toby,6,12,6
Toby,6,13,18
Toby,6,14,2
Toby,6,16,1
Toby,6,18,2
Toby,6,20,3
Toby,6,23,5
Toby,6,24,7
Toby,7,1,3
Toby,7,2,35
Toby,7,6,4
Toby,7,7,3
Toby,7,11,25
Toby,7,20,2
Toby,7,21,5
Toby,7,22,1
Toby,7,23,6
Toby,7,24,13
Toby,8,1,4
Toby,8,2,1
Toby,8,3,2
Toby,8,4,6
Toby,8,5,7
Toby,8,6,8
Toby,8,7,4
Toby,8,9,3
Toby,8,10,6
Toby,8,12,8
Toby,8,13,5
Toby,8,14,2
Toby,8,17,18
Toby,8,18,16
Toby,8,19,3
Toby,8,21,1
Toby,8,23,7
Toby,8,24,5
Toby,9,1,11
Toby,9,2,5
Toby,9,4,2
Toby,9,5,5
Toby,9,6,9
Toby,9,7,5
Toby,9,8,8
Toby,9,9,11
Toby,9,12,7
Toby,9,14,3
Toby,9,16,15
Toby,9,18,2
Toby,9,19,15
Toby,9,20,7
Toby,9,21,7
Toby,9,23,13
Todd,2,14,1
Todd,7,17,37
Todd,9,19,2
Todd Packer,1,1,3
Todd Packer,1,5,8
Todd Packer,2,2,20
Todd Packer,2,10,3
Todd Packer,2,14,1
Todd Packer,6,17,6
Todd Packer,6,24,1
Todd Packer,7,6,5
Todd Packer,8,17,4
Todd Packer,8,18,9
Todd Packer,9,17,14
Together,7,20,1
Tom,5,5,13
Tom,6,4,6
Tom,7,13,10
Tom Halpert,6,4,1
Tom and Pete,6,4,1
Tony,3,6,2
Tony,3,8,22
Travel Agent,1,3,1
Trevor,9,8,22
Trevor,9,13,9
Troy,4,11,5
Troy,4,14,6
Troy,9,13,1
Ty,5,23,2
Uncle Al,3,15,7
Unknown,3,15,1
Usher,7,3,2
Usher,9,23,1
VRG 1,5,25,4
VRG 2,5,25,3
Val,8,6,11
Val,8,7,4
Val,8,10,9
Val,8,12,7
Val,8,13,3
Val,8,14,9
Val,8,16,9
Val,8,24,4
Val,9,10,13
Val,9,14,1
Val,9,23,3
Vance Refrigeration Guy,5,8,4
Vance Refrigeration Guy 1,5,25,1
Vance Refrigeration Guy 2,5,25,1
Vance Refrigeration Worker #1,2,5,2
Vance Refrigeration Worker #1,2,16,3
Vance Refrigeration Worker #1,2,20,1
Vance Refrigeration Worker #2,2,5,2
Vance Refrigeration Worker #2,2,20,1
Vance Refrigeration guy,4,14,1
Vance Refrigeration guy,5,8,2
Various,6,6,1
Various,8,20,2
Vet,8,22,6
Video,2,2,2
Video,3,8,2
Video Michael,7,12,7
Vikram,4,4,11
Vikram,5,20,10
Voice #1 on phone,4,3,2
Voice #2 on phone,4,3,1
Voice of Thomas Dean,4,3,1
Voice on CD player,6,9,2
Voicemail,9,3,2
W.B. Jones,4,10,4
Wade,9,11,1
Waiter,3,2,1
Waiter,3,17,3
Waiter,7,14,8
Waiter,7,19,1
Waiter,8,1,2
Waiter,8,4,1
Waiter,8,22,2
Waiter,9,8,2
Waitress,2,1,3
Waitress,3,10,1
Waitress,4,1,1
Waitress,4,11,1
Waitress,6,5,7
Waitress,8,16,1
Wally Amos,8,15,4
Walt Jr.,9,6,4
Walter,8,4,21
Walter & Walter Jr,8,4,1
Walter Jr,8,4,6
Warehouse Crew,8,6,3
Warehouse Guy,2,2,1
Warehouse Guy,6,19,1
Warehouse Guy,7,21,1
Warehouse Michael,5,13,1
Warehouse Worker,1,5,1
Warehouse guy,2,2,2
Warehouse guy 1,6,17,3
Warehouse guy 2,6,17,1
Warehouse guys,2,2,1
Warehouse worker,1,5,2
Warren,7,24,2
Warren Buffett,7,24,1
Wendy's phone operator,4,10,5
White,9,6,1
Window treatment guy,7,2,3
Wolf,9,13,10
Woman,3,16,4
Woman,4,9,5
Woman,5,15,1
Woman,5,26,1
Woman,6,5,4
Woman,7,7,3
Woman,8,20,1
Woman,9,20,3
Woman,9,23,1
Woman 1,9,23,1
Woman 2,9,23,2
Woman 3,9,23,1
Woman 4,9,23,2
Woman at bar,3,10,1
Woman from Buffalo,5,26,2
Woman in line,6,10,3
Woman on mic,4,13,1
Woman over speakerphone,4,14,3
Women,2,15,1
Women,3,15,1
Women,7,20,1
Worker,1,5,5
Worker,9,10,1
Wrangler,8,21,2
Young Man,3,6,1
Young Michael,2,18,2
Younger Guy,7,13,3
Zeke,9,13,4
Zeke,9,17,9
Zeke,9,23,2
Zion,6,11,1
"[Clark and Pete are shown on screen]
Video Andy: Hey, I'm Pete, puberty is such a drag, man. And I'm Clark! I like to eat toilet paper. [Clark and Pete wave at camera] We fail! [Video shows memorial of Jerry",9,4,1
"[repeats]
Andy: Fail",9,4,1
abe,7,21,1
sAndy,4,3,1
song,2,4,1
